Timestamp,Pid,Nome,Cpu,Ram,Disco(MB),TempoVida,TempoVidaFormatado
27-11-2025 11:01:17,2507,SensorFusion_DB_Manager,0.0,0.0,0,2351.20299744606,39min 11s
27-11-2025 11:01:17,3328,Vehicle_HMI_Display_Driver,0.0,0.0,5.55,2344.2955033779144,39min 4s
27-11-2025 11:01:17,3460,Autonomous_Navigation_System,0.0,0.0,34.05,2343.567267179489,39min 4s
27-11-2025 11:01:17,4131,Browser_Module,0.0,0.0,392.44,2303.512227296829,38min 24s
27-11-2025 11:01:17,4179,Browser_Module,0.0,0.0,32.27,2303.0635299682617,38min 23s
27-11-2025 11:01:17,4193,Browser_Module,0.0,0.0,7.36,2303.0342717170715,38min 23s
27-11-2025 11:01:17,4459,Browser_Module,0.0,0.0,4.44,2286.1150126457214,38min 6s
27-11-2025 11:01:17,4492,Browser_Module,0.0,0.0,0.05,2264.1057801246643,37min 44s
27-11-2025 11:01:17,4539,Browser_Module,0.0,0.0,4.07,2251.776323080063,37min 32s
27-11-2025 11:01:17,4547,Browser_Module,0.0,0.0,0.6,2251.696876525879,37min 32s
27-11-2025 11:01:17,4558,Browser_Module,0.0,0.0,45.56,2251.557410478592,37min 32s
27-11-2025 11:01:17,4866,Browser_Module,0.0,0.0,6.18,1233.808275938034,20min 34s
27-11-2025 11:01:17,5098,Artificial_Inteligence_Translating,0.0,0.0,2186.76,1071.919188261032,17min 52s
27-11-2025 11:01:17,6185,Main_Control_Software,0.0,0.0,2,958.4198744297028,15min 58s
27-11-2025 11:01:17,6995,Browser_Module,0.0,0.0,0.13,767.2607409954071,12min 47s
27-11-2025 11:01:17,7298,Browser_Module,0.0,0.0,0.48,572.251528263092,9min 32s
27-11-2025 11:01:17,7657,Artificial_Inteligence_Constructing,0.0,0.0,96.67,451.06266379356384,7min 31s
27-11-2025 11:01:17,7700,Artificial_Inteligence_Constructing,0.0,0.0,15.12,450.6539273262024,7min 31s
27-11-2025 11:01:17,7726,Artificial_Inteligence_Constructing,0.0,0.0,37.81,450.44463777542114,7min 30s
27-11-2025 11:01:17,7741,Artificial_Inteligence_Constructing,0.0,0.0,144.61,449.80520462989807,7min 30s
27-11-2025 11:01:17,7742,Artificial_Inteligence_Constructing,0.0,0.0,7.97,449.80586981773376,7min 30s
27-11-2025 11:01:17,7766,Artificial_Inteligence_Constructing,0.0,0.0,45.43,449.69640493392944,7min 30s
27-11-2025 11:01:17,7817,Artificial_Inteligence_Constructing,0.0,0.0,0.86,448.0570261478424,7min 28s
27-11-2025 11:01:17,7950,Artificial_Inteligence_Constructing,0.0,0.0,1.08,446.2675759792328,7min 26s
27-11-2025 11:01:17,8685,Artificial_Inteligence_Constructing,0.0,0.0,27.93,442.29831290245056,7min 22s
27-11-2025 11:01:17,9716,Browser_Module,0.0,0.0,0.11,216.63907504081726,3min 37s
27-11-2025 11:01:17,9728,Browser_Module,0.0,0.0,0.67,213.59962224960327,3min 34s
27-11-2025 11:01:17,10355,Artificial_Inteligence_Constructing,0.0,0.0,0.64,17.810508728027344,18s
27-11-2025 11:01:17,10423,Artificial_Inteligence_Mapping,0.0,0.0,0.8,2.2211287021636963,2s
27-11-2025 11:01:23,14,Kernel_Scheduler_RCU,0.2,0.0,0,2371.3304834365845,39min 31s
27-11-2025 11:01:23,21,Kernel_Core_Migration_Handler,0.2,0.0,0,2371.334864616394,39min 31s
27-11-2025 11:01:23,23,Kernel_Event_Worker_Core1,0.3,0.0,0,2371.3379900455475,39min 31s
27-11-2025 11:01:23,57,Generic_System_Process,0.2,0.0,0,2371.337629556656,39min 31s
27-11-2025 11:01:23,130,Memory_Management_Unit,0.2,0.0,0,2370.7961485385895,39min 31s
27-11-2025 11:01:23,250,HW_Interrupt_Driver_A,2.1,0.0,0,2369.512041568756,39min 30s
27-11-2025 11:01:23,628,Kernel_Event_Worker_Unbound,0.3,0.0,0,2366.2356271743774,39min 26s
27-11-2025 11:01:23,799,HW_Interrupt_Driver_Wifi_Sensor,0.7,0.0,0,2365.757353782654,39min 26s
27-11-2025 11:01:23,1142,Network_Discovery_Service,0.2,0.0,0,2364.599446296692,39min 25s
27-11-2025 11:01:23,1189,Thermal_Management_Unit_Driver,0.2,0.0,0,2364.582211256027,39min 25s
27-11-2025 11:01:23,1292,Kernel_Event_Worker_Core3,0.2,0.0,0,2364.5046241283417,39min 25s
27-11-2025 11:01:23,1327,Containerized_Environments_Mgr,0.2,0.0,0,2364.4859342575073,39min 24s
27-11-2025 11:01:23,2507,SensorFusion_DB_Manager,1.1,0.0,0,2357.3593785762787,39min 17s
27-11-2025 11:01:23,3321,InterProcess_Comms_Bus,0.2,0.0,0,2350.69198513031,39min 11s
27-11-2025 11:01:23,3328,Vehicle_HMI_Display_Driver,11.2,0.0,5.55,2350.454307794571,39min 10s
27-11-2025 11:01:23,3460,Autonomous_Navigation_System,12.0,0.0,34.05,2349.727142095566,39min 10s
27-11-2025 11:01:23,3520,Accessibility_Feature_Service,0.2,0.0,0,2349.159519672394,39min 9s
27-11-2025 11:01:23,4131,Browser_Module,0.0,0.0,392.45,2309.676519870758,38min 30s
27-11-2025 11:01:23,4174,System_Integration_Layer,0.2,0.0,0.92,2309.239065170288,38min 29s
27-11-2025 11:01:23,4179,Browser_Module,0.0,0.0,32.27,2309.2301845550537,38min 29s
27-11-2025 11:01:23,4193,Browser_Module,0.0,0.0,7.36,2309.2013895511627,38min 29s
27-11-2025 11:01:23,4194,System_Integration_Layer_GTK,0.2,0.0,0.65,2309.1924657821655,38min 29s
27-11-2025 11:01:23,4459,Browser_Module,0.0,0.0,4.44,2292.283518075943,38min 12s
27-11-2025 11:01:23,4492,Browser_Module,0.0,0.0,0.05,2270.2746782302856,37min 50s
27-11-2025 11:01:23,4539,Browser_Module,0.0,0.0,4.07,2257.945629119873,37min 38s
27-11-2025 11:01:23,4547,Browser_Module,0.0,0.0,0.6,2257.866443634033,37min 38s
27-11-2025 11:01:23,4558,Browser_Module,0.0,0.0,45.56,2257.7271888256073,37min 38s
27-11-2025 11:01:23,4866,Browser_Module,0.0,0.0,6.18,1239.9782030582428,20min 40s
27-11-2025 11:01:23,4951,GPU_Display_Driver_Kernel_I915,0.5,0.0,0,1083.28901553154,18min 3s
27-11-2025 11:01:23,5098,Artificial_Inteligence_Translating,4.7,0.0,2186.77,1078.0898551940918,17min 58s
27-11-2025 11:01:23,6185,Main_Control_Software,0.6,0.0,2.02,964.5906331539154,16min 5s
27-11-2025 11:01:23,6995,Browser_Module,0.0,0.0,0.13,773.4315617084503,12min 53s
27-11-2025 11:01:23,7009,GPU_Buffer_Flip_Handler,0.3,0.0,0,768.2023549079895,12min 48s
27-11-2025 11:01:23,7298,Browser_Module,0.0,0.0,0.48,578.4229538440704,9min 38s
27-11-2025 11:01:23,7657,Artificial_Inteligence_Constructing,4.5,0.0,96.68,457.2338695526123,7min 37s
27-11-2025 11:01:23,7700,Artificial_Inteligence_Constructing,23.0,0.0,15.12,456.82488226890564,7min 37s
27-11-2025 11:01:23,7726,Artificial_Inteligence_Constructing,41.8,0.0,37.81,456.6155216693878,7min 37s
27-11-2025 11:01:23,7741,Artificial_Inteligence_Constructing,0.0,0.0,144.61,455.97605180740356,7min 36s
27-11-2025 11:01:23,7742,Artificial_Inteligence_Constructing,0.2,0.0,7.97,455.97656512260437,7min 36s
27-11-2025 11:01:23,7766,Artificial_Inteligence_Constructing,2.1,0.0,45.43,455.86710238456726,7min 36s
27-11-2025 11:01:23,7817,Artificial_Inteligence_Constructing,0.0,0.0,0.86,454.2277202606201,7min 34s
27-11-2025 11:01:23,7950,Artificial_Inteligence_Constructing,1.9,0.0,1.08,452.4382700920105,7min 32s
27-11-2025 11:01:23,8685,Artificial_Inteligence_Constructing,6.2,0.0,27.93,448.4690020084381,7min 28s
27-11-2025 11:01:23,9716,Browser_Module,0.0,0.0,0.11,222.8097219467163,3min 43s
27-11-2025 11:01:23,9728,Browser_Module,0.0,0.0,0.67,219.77023887634277,3min 40s
27-11-2025 11:01:23,10355,Artificial_Inteligence_Constructing,0.0,0.0,0.64,23.981026649475098,24s
27-11-2025 11:01:23,10423,Artificial_Inteligence_Mapping,2.4,0.0,0.81,8.39155626296997,8s
27-11-2025 11:01:29,14,Kernel_Scheduler_RCU,0.3,0.0,0,2377.4938428401947,39min 37s
27-11-2025 11:01:29,21,Kernel_Core_Migration_Handler,0.2,0.0,0,2377.5009620189667,39min 38s
27-11-2025 11:01:29,23,Kernel_Event_Worker_Core1,0.2,0.0,0,2377.503413438797,39min 38s
27-11-2025 11:01:29,51,Generic_System_Process,0.2,0.0,0,2377.499303817749,39min 37s
27-11-2025 11:01:29,236,Generic_System_Process,0.2,0.0,0,2375.6899473667145,39min 36s
27-11-2025 11:01:29,250,HW_Interrupt_Driver_A,1.3,0.0,0,2375.662255048752,39min 36s
27-11-2025 11:01:29,268,Generic_System_Process,0.2,0.0,0,2374.906289100647,39min 35s
27-11-2025 11:01:29,605,Generic_System_Process,0.2,0.0,0,2372.5299649238586,39min 33s
27-11-2025 11:01:29,628,Generic_System_Process,0.2,0.0,0,2372.39191198349,39min 32s
27-11-2025 11:01:29,799,HW_Interrupt_Driver_Wifi_Sensor,0.5,0.0,0,2371.913409471512,39min 32s
27-11-2025 11:01:29,1142,Network_Discovery_Service,0.3,0.0,0,2370.7560334205627,39min 31s
27-11-2025 11:01:29,1189,Thermal_Management_Unit_Driver,0.2,0.0,0,2370.740275621414,39min 31s
27-11-2025 11:01:29,1197,Generic_System_Process,0.2,0.0,0,2370.7328696250916,39min 31s
27-11-2025 11:01:29,1327,Containerized_Environments_Mgr,0.3,0.0,0,2370.644966840744,39min 31s
27-11-2025 11:01:29,2507,SensorFusion_DB_Manager,1.1,0.0,0,2363.518837928772,39min 24s
27-11-2025 11:01:29,3328,Vehicle_HMI_Display_Driver,12.2,0.0,5.55,2356.6114270687103,39min 17s
27-11-2025 11:01:29,3460,Autonomous_Navigation_System,13.5,0.0,34.05,2355.882971763611,39min 16s
27-11-2025 11:01:29,4131,Browser_Module,0.0,0.0,392.49,2315.8284883499146,38min 36s
27-11-2025 11:01:29,4174,System_Integration_Layer,0.3,0.0,0.92,2315.390437602997,38min 35s
27-11-2025 11:01:29,4179,Browser_Module,0.0,0.0,32.27,2315.3811206817627,38min 35s
27-11-2025 11:01:29,4193,Browser_Module,0.0,0.0,7.36,2315.3518257141113,38min 35s
27-11-2025 11:01:29,4459,Browser_Module,0.0,0.0,4.44,2298.4326586723328,38min 18s
27-11-2025 11:01:29,4492,Browser_Module,0.0,0.0,0.05,2276.423695087433,37min 56s
27-11-2025 11:01:29,4539,Browser_Module,0.0,0.0,4.07,2264.094292163849,37min 44s
27-11-2025 11:01:29,4547,Browser_Module,0.0,0.0,0.6,2264.0148322582245,37min 44s
27-11-2025 11:01:29,4558,Browser_Module,0.0,0.0,45.56,2263.875400543213,37min 44s
27-11-2025 11:01:29,4866,Browser_Module,0.0,0.0,6.18,1246.126534461975,20min 46s
27-11-2025 11:01:29,4951,GPU_Display_Driver_Kernel_I915,0.5,0.0,0,1089.4375405311584,18min 9s
27-11-2025 11:01:29,5098,Artificial_Inteligence_Translating,8.6,0.0,2186.9,1084.2384233474731,18min 4s
27-11-2025 11:01:29,6185,Main_Control_Software,0.8,0.0,2.04,970.7391877174377,16min 11s
27-11-2025 11:01:29,6842,Kernel_Memory_Worker,0.2,0.0,0,812.2399334907532,13min 32s
27-11-2025 11:01:29,6995,Browser_Module,0.0,0.0,0.13,779.5805566310883,13min 0s
27-11-2025 11:01:29,7009,Generic_System_Process,0.5,0.0,0,774.3514783382416,12min 54s
27-11-2025 11:01:29,7298,Browser_Module,0.0,0.0,0.48,584.5721402168274,9min 45s
27-11-2025 11:01:29,7657,Artificial_Inteligence_Constructing,4.1,0.0,96.68,463.38310050964355,7min 43s
27-11-2025 11:01:29,7700,Artificial_Inteligence_Constructing,26.7,0.0,15.12,462.9742431640625,7min 43s
27-11-2025 11:01:29,7726,Artificial_Inteligence_Constructing,37.2,0.0,37.81,462.7651696205139,7min 43s
27-11-2025 11:01:29,7741,Artificial_Inteligence_Constructing,0.0,0.0,144.61,462.1258430480957,7min 42s
27-11-2025 11:01:29,7742,Artificial_Inteligence_Constructing,0.3,0.0,7.97,462.1263756752014,7min 42s
27-11-2025 11:01:29,7766,Artificial_Inteligence_Constructing,2.0,0.0,45.43,462.01692509651184,7min 42s
27-11-2025 11:01:29,7817,Artificial_Inteligence_Constructing,0.0,0.0,0.86,460.37753891944885,7min 40s
27-11-2025 11:01:29,7950,Artificial_Inteligence_Constructing,2.3,0.0,1.08,458.5880961418152,7min 39s
27-11-2025 11:01:29,8685,Artificial_Inteligence_Constructing,0.5,0.0,27.93,454.6188266277313,7min 35s
27-11-2025 11:01:29,9716,Browser_Module,0.0,0.0,0.11,228.95992922782898,3min 49s
27-11-2025 11:01:29,9728,Browser_Module,0.0,0.0,0.67,225.92055344581604,3min 46s
27-11-2025 11:01:29,10355,Artificial_Inteligence_Constructing,0.0,0.0,0.64,30.131369829177856,30s
27-11-2025 11:01:29,10423,Artificial_Inteligence_Mapping,2.1,0.0,0.82,14.541990280151367,15s
27-11-2025 11:01:35,14,Kernel_Scheduler_RCU,0.2,0.0,0,2383.6531579494476,39min 44s
27-11-2025 11:01:35,21,Kernel_Core_Migration_Handler,0.2,0.0,0,2383.660494327545,39min 44s
27-11-2025 11:01:35,23,Kernel_Event_Worker_Core1,0.3,0.0,0,2383.6665749549866,39min 44s
27-11-2025 11:01:35,33,Generic_System_Process,0.2,0.0,0,2383.6649129390717,39min 44s
27-11-2025 11:01:35,45,Generic_System_Process,0.2,0.0,0,2383.673132419586,39min 44s
27-11-2025 11:01:35,57,Generic_System_Process,0.2,0.0,0,2383.6724224090576,39min 44s
27-11-2025 11:01:35,58,Generic_System_Process,0.2,0.0,0,2383.676728963852,39min 44s
27-11-2025 11:01:35,130,Memory_Management_Unit,0.6,0.0,0,2383.132060289383,39min 43s
27-11-2025 11:01:35,143,Generic_System_Process,0.2,0.0,0,2382.961188316345,39min 43s
27-11-2025 11:01:35,250,HW_Interrupt_Driver_A,1.3,0.0,0,2381.862056016922,39min 42s
27-11-2025 11:01:35,799,HW_Interrupt_Driver_Wifi_Sensor,1.8,0.0,0,2378.1081416606903,39min 38s
27-11-2025 11:01:35,1138,Generic_System_Process,0.2,0.0,0,2376.951467514038,39min 37s
27-11-2025 11:01:35,1142,Network_Discovery_Service,0.2,0.0,0,2376.9525163173676,39min 37s
27-11-2025 11:01:35,1177,Generic_System_Process,0.2,0.0,0,2376.934422969818,39min 37s
27-11-2025 11:01:35,1189,Thermal_Management_Unit_Driver,0.3,0.0,0,2376.936627149582,39min 37s
27-11-2025 11:01:35,2345,Generic_System_Process,0.2,0.0,0,2369.780121088028,39min 30s
27-11-2025 11:01:35,2507,SensorFusion_DB_Manager,1.1,0.0,0,2369.712244987488,39min 30s
27-11-2025 11:01:35,3328,Vehicle_HMI_Display_Driver,13.7,0.0,5.55,2362.804117202759,39min 23s
27-11-2025 11:01:35,3460,Autonomous_Navigation_System,15.7,0.0,34.05,2362.075870990753,39min 22s
27-11-2025 11:01:35,3505,Generic_System_Process,0.2,0.0,0.1,2361.5269932746887,39min 22s
27-11-2025 11:01:35,3520,Accessibility_Feature_Service,0.2,0.0,0,2361.5077092647552,39min 22s
27-11-2025 11:01:35,4131,Browser_Module,19.4,0.0,393.46,2322.0208847522736,38min 42s
27-11-2025 11:01:35,4152,Browser_Module,0.2,0.0,540.43,2321.7919805049896,38min 42s
27-11-2025 11:01:35,4174,System_Integration_Layer,0.2,0.0,0.92,2321.5825695991516,38min 42s
27-11-2025 11:01:35,4179,Browser_Module,12.4,0.0,32.27,2321.573112487793,38min 42s
27-11-2025 11:01:35,4193,Browser_Module,1.9,0.0,7.36,2321.5437648296356,38min 42s
27-11-2025 11:01:35,4194,System_Integration_Layer_GTK,0.2,0.0,0.65,2321.5343494415283,38min 42s
27-11-2025 11:01:35,4209,Browser_Module,0.2,0.0,0.79,2321.4348816871643,38min 41s
27-11-2025 11:01:35,4459,Browser_Module,0.0,0.0,4.44,2304.625424146652,38min 25s
27-11-2025 11:01:35,4492,Browser_Module,0.0,0.0,0.05,2282.6161494255066,38min 3s
27-11-2025 11:01:35,4539,Browser_Module,3.4,0.0,4.09,2270.2866880893707,37min 50s
27-11-2025 11:01:35,4547,Browser_Module,0.0,0.0,0.6,2270.2072200775146,37min 50s
27-11-2025 11:01:35,4558,Browser_Module,0.0,0.0,45.56,2270.067737340927,37min 50s
27-11-2025 11:01:35,4800,Generic_System_Process,0.2,0.0,0,1481.9683558940887,24min 42s
27-11-2025 11:01:35,4866,Browser_Module,0.0,0.0,6.18,1252.3189063072205,20min 52s
27-11-2025 11:01:35,4951,Generic_System_Process,0.3,0.0,0,1095.629519701004,18min 16s
27-11-2025 11:01:35,5098,Artificial_Inteligence_Translating,7.4,0.0,2187.07,1090.4302291870117,18min 10s
27-11-2025 11:01:35,6185,Main_Control_Software,1.0,0.0,2.04,976.9308400154114,16min 17s
27-11-2025 11:01:35,6995,Browser_Module,0.0,0.0,0.13,785.7716467380524,13min 6s
27-11-2025 11:01:35,7008,Generic_System_Process,0.5,0.0,0,780.7422029972076,13min 1s
27-11-2025 11:01:35,7009,Generic_System_Process,0.3,0.0,0,780.542768239975,13min 1s
27-11-2025 11:01:35,7298,Browser_Module,1.8,0.0,0.48,590.7633457183838,9min 51s
27-11-2025 11:01:35,7657,Artificial_Inteligence_Constructing,2.1,0.0,96.77,469.57448077201843,7min 50s
27-11-2025 11:01:35,7700,Artificial_Inteligence_Constructing,23.9,0.0,15.12,469.1676812171936,7min 49s
27-11-2025 11:01:35,7726,Artificial_Inteligence_Constructing,26.2,0.0,37.81,468.95881700515747,7min 49s
27-11-2025 11:01:35,7741,Artificial_Inteligence_Constructing,0.0,0.0,144.61,468.320348739624,7min 48s
27-11-2025 11:01:35,7742,Artificial_Inteligence_Constructing,0.3,0.0,7.97,468.3210699558258,7min 48s
27-11-2025 11:01:35,7766,Artificial_Inteligence_Constructing,0.6,0.0,45.43,468.21178793907166,7min 48s
27-11-2025 11:01:35,7817,Artificial_Inteligence_Constructing,0.0,0.0,0.86,466.57251930236816,7min 47s
27-11-2025 11:01:35,7950,Artificial_Inteligence_Constructing,0.6,0.0,1.08,464.7831218242645,7min 45s
27-11-2025 11:01:35,8685,Artificial_Inteligence_Constructing,0.2,0.0,27.93,460.81410336494446,7min 41s
27-11-2025 11:01:35,9716,Browser_Module,0.0,0.0,0.11,235.15507912635803,3min 55s
27-11-2025 11:01:35,9728,Browser_Module,0.5,0.0,0.67,232.115825176239,3min 52s
27-11-2025 11:01:35,9738,Browser_Module,1.0,0.0,0,231.46652960777283,3min 51s
27-11-2025 11:01:35,10355,Artificial_Inteligence_Constructing,0.2,0.0,0.64,36.32771968841553,36s
27-11-2025 11:01:35,10423,Artificial_Inteligence_Mapping,2.6,0.0,0.83,20.73881983757019,21s
27-11-2025 11:01:35,10542,Browser_Module,0.0,0.0,0,1.6911985874176025,2s
27-11-2025 11:01:41,14,Kernel_Scheduler_RCU,0.3,0.0,0,2389.8822689056396,39min 50s
27-11-2025 11:01:41,21,Kernel_Core_Migration_Handler,0.2,0.0,0,2389.89044213295,39min 50s
27-11-2025 11:01:41,23,Kernel_Event_Worker_Core1,0.6,0.0,0,2389.895790576935,39min 50s
27-11-2025 11:01:41,33,Generic_System_Process,0.3,0.0,0,2389.8960795402527,39min 50s
27-11-2025 11:01:41,39,Generic_System_Process,0.2,0.0,0,2389.9054737091064,39min 50s
27-11-2025 11:01:41,51,Generic_System_Process,0.2,0.0,0,2389.9188747406006,39min 50s
27-11-2025 11:01:41,57,Generic_System_Process,0.2,0.0,0,2389.921719789505,39min 50s
27-11-2025 11:01:41,67,Generic_System_Process,1.8,0.0,0,2389.931438922882,39min 50s
27-11-2025 11:01:41,130,Memory_Management_Unit,0.6,0.0,0,2389.3936915397644,39min 49s
27-11-2025 11:01:41,250,HW_Interrupt_Driver_A,0.2,0.0,0,2388.114098548889,39min 48s
27-11-2025 11:01:41,628,Kernel_Event_Worker_Unbound,0.5,0.0,0,2384.83829665184,39min 45s
27-11-2025 11:01:41,799,HW_Interrupt_Driver_Wifi_Sensor,6.9,0.0,0,2384.36109995842,39min 44s
27-11-2025 11:01:41,1038,Generic_System_Process,0.2,0.0,0,2383.5032839775085,39min 44s
27-11-2025 11:01:41,1142,Network_Discovery_Service,1.4,0.0,0,2383.2061998844147,39min 43s
27-11-2025 11:01:41,1189,Thermal_Management_Unit_Driver,0.2,0.0,0,2383.1886093616486,39min 43s
27-11-2025 11:01:41,1327,Containerized_Environments_Mgr,0.3,0.0,0,2383.0935389995575,39min 43s
27-11-2025 11:01:41,2507,SensorFusion_DB_Manager,1.1,0.0,0,2375.9676933288574,39min 36s
27-11-2025 11:01:41,3321,InterProcess_Comms_Bus,0.2,0.0,0,2369.2989435195923,39min 29s
27-11-2025 11:01:41,3328,Vehicle_HMI_Display_Driver,13.1,0.0,5.55,2369.059734582901,39min 29s
27-11-2025 11:01:41,3460,Autonomous_Navigation_System,16.8,0.0,34.05,2368.330780029297,39min 28s
27-11-2025 11:01:41,4131,Browser_Module,22.4,0.0,394.04,2328.27507519722,38min 48s
27-11-2025 11:01:41,4174,System_Integration_Layer,0.2,0.0,0.92,2327.83682346344,38min 48s
27-11-2025 11:01:41,4179,Browser_Module,25.6,0.0,32.27,2327.828417301178,38min 48s
27-11-2025 11:01:41,4193,Browser_Module,9.0,0.0,7.36,2327.7991421222687,38min 48s
27-11-2025 11:01:41,4459,Browser_Module,0.0,0.0,4.44,2310.879939556122,38min 31s
27-11-2025 11:01:41,4492,Browser_Module,0.0,0.0,0.05,2288.871034145355,38min 9s
27-11-2025 11:01:41,4539,Browser_Module,0.2,0.0,4.09,2276.5418627262115,37min 57s
27-11-2025 11:01:41,4547,Browser_Module,0.0,0.0,0.6,2276.4625680446625,37min 56s
27-11-2025 11:01:41,4558,Browser_Module,0.0,0.0,45.56,2276.3237879276276,37min 56s
27-11-2025 11:01:41,4866,Browser_Module,0.0,0.0,6.18,1258.5750868320465,20min 59s
27-11-2025 11:01:41,4914,Generic_System_Process,0.2,0.0,0,1229.4662671089172,20min 29s
27-11-2025 11:01:41,5098,Artificial_Inteligence_Translating,5.6,0.0,2187.08,1096.6870017051697,18min 17s
27-11-2025 11:01:41,6185,Main_Control_Software,0.8,0.0,2.05,983.1877162456512,16min 23s
27-11-2025 11:01:41,6842,Generic_System_Process,0.2,0.0,0,824.688485622406,13min 45s
27-11-2025 11:01:41,6995,Browser_Module,0.0,0.0,0.13,792.0291574001312,13min 12s
27-11-2025 11:01:41,7008,Generic_System_Process,0.6,0.0,0,786.9998307228088,13min 7s
27-11-2025 11:01:41,7009,Generic_System_Process,0.5,0.0,0,786.8005449771881,13min 7s
27-11-2025 11:01:41,7298,Browser_Module,0.0,0.0,0.48,597.0212957859039,9min 57s
27-11-2025 11:01:41,7364,Generic_System_Process,0.2,0.0,0,529.8221380710602,8min 50s
27-11-2025 11:01:41,7657,Artificial_Inteligence_Constructing,0.0,0.0,96.77,475.8327386379242,7min 56s
27-11-2025 11:01:41,7700,Artificial_Inteligence_Constructing,15.2,0.0,15.12,475.423850774765,7min 55s
27-11-2025 11:01:41,7726,Artificial_Inteligence_Constructing,28.5,0.0,37.81,475.2150559425354,7min 55s
27-11-2025 11:01:41,7741,Artificial_Inteligence_Constructing,0.2,0.0,144.61,474.5758156776428,7min 55s
27-11-2025 11:01:41,7742,Artificial_Inteligence_Constructing,0.3,0.0,7.97,474.57640838623047,7min 55s
27-11-2025 11:01:41,7766,Artificial_Inteligence_Constructing,0.3,0.0,45.43,474.46702456474304,7min 54s
27-11-2025 11:01:41,7817,Artificial_Inteligence_Constructing,0.0,0.0,0.86,472.82773208618164,7min 53s
27-11-2025 11:01:41,7950,Artificial_Inteligence_Constructing,1.1,0.0,1.08,471.0383813381195,7min 51s
27-11-2025 11:01:41,8685,Artificial_Inteligence_Constructing,0.0,0.0,27.93,467.06924843788147,7min 47s
27-11-2025 11:01:41,9716,Browser_Module,0.2,0.0,0.11,241.41011714935303,4min 1s
27-11-2025 11:01:41,9728,Browser_Module,2.4,0.0,0.8,238.37070894241333,3min 58s
27-11-2025 11:01:41,10323,Generic_System_Process,0.8,0.0,0,52.69149446487427,53s
27-11-2025 11:01:41,10355,Artificial_Inteligence_Constructing,0.0,0.0,0.64,42.582141637802124,43s
27-11-2025 11:01:41,10423,Artificial_Inteligence_Mapping,3.4,0.0,0.84,26.992746114730835,27s
27-11-2025 11:01:41,10542,Browser_Module,19.5,0.0,0,7.943360090255737,8s
27-11-2025 11:01:48,14,Kernel_Scheduler_RCU,0.2,0.0,0,2396.109657049179,39min 56s
27-11-2025 11:01:48,21,Kernel_Core_Migration_Handler,0.2,0.0,0,2396.117747783661,39min 56s
27-11-2025 11:01:48,23,Kernel_Event_Worker_Core1,0.6,0.0,0,2396.123733997345,39min 56s
27-11-2025 11:01:48,57,Generic_System_Process,0.2,0.0,0,2396.121361017227,39min 56s
27-11-2025 11:01:48,67,Generic_System_Process,1.6,0.0,0,2396.1285951137543,39min 56s
27-11-2025 11:01:48,234,Generic_System_Process,0.2,0.0,0,2394.324170589447,39min 54s
27-11-2025 11:01:48,242,Generic_System_Process,0.2,0.0,0,2394.3259842395782,39min 54s
27-11-2025 11:01:48,250,HW_Interrupt_Driver_A,0.2,0.0,0,2394.2971198558807,39min 54s
27-11-2025 11:01:48,628,Kernel_Event_Worker_Unbound,0.6,0.0,0,2391.018882751465,39min 51s
27-11-2025 11:01:48,799,HW_Interrupt_Driver_Wifi_Sensor,1.6,0.0,0,2390.539677143097,39min 51s
27-11-2025 11:01:48,1142,Network_Discovery_Service,1.1,0.0,0,2389.3808221817017,39min 49s
27-11-2025 11:01:48,1150,Generic_System_Process,0.2,0.0,0,2389.3824281692505,39min 49s
27-11-2025 11:01:48,1189,Thermal_Management_Unit_Driver,0.3,0.0,0,2389.3647010326385,39min 49s
27-11-2025 11:01:48,1197,Generic_System_Process,0.2,0.0,0,2389.357939004898,39min 49s
27-11-2025 11:01:48,2507,SensorFusion_DB_Manager,1.1,0.0,0,2382.1433799266815,39min 42s
27-11-2025 11:01:48,3321,InterProcess_Comms_Bus,0.2,0.0,0,2375.4765741825104,39min 35s
27-11-2025 11:01:48,3328,Vehicle_HMI_Display_Driver,13.4,0.0,5.55,2375.2393777370453,39min 35s
27-11-2025 11:01:48,3460,Autonomous_Navigation_System,16.8,0.0,34.05,2374.5109996795654,39min 35s
27-11-2025 11:01:48,4131,Browser_Module,18.8,0.0,394.35,2334.456038951874,38min 54s
27-11-2025 11:01:48,4179,Browser_Module,23.9,0.0,32.27,2334.0087597370148,38min 54s
27-11-2025 11:01:48,4193,Browser_Module,0.5,0.0,7.36,2333.9822030067444,38min 54s
27-11-2025 11:01:48,4194,System_Integration_Layer_GTK,0.2,0.0,0.65,2333.9729528427124,38min 54s
27-11-2025 11:01:48,4209,Browser_Module,0.2,0.0,0.79,2333.873886346817,38min 54s
27-11-2025 11:01:48,4459,Browser_Module,0.0,0.0,4.44,2317.0650594234467,38min 37s
27-11-2025 11:01:48,4492,Browser_Module,0.0,0.0,0.05,2295.0567939281464,38min 15s
27-11-2025 11:01:48,4539,Browser_Module,0.0,0.0,4.09,2282.7278571128845,38min 3s
27-11-2025 11:01:48,4547,Browser_Module,0.0,0.0,0.6,2282.648614883423,38min 3s
27-11-2025 11:01:48,4558,Browser_Module,0.0,0.0,45.56,2282.509402036667,38min 3s
27-11-2025 11:01:48,4800,Generic_System_Process,0.2,0.0,0,1494.4103977680206,24min 54s
27-11-2025 11:01:48,4866,Browser_Module,0.0,0.0,6.18,1264.7610893249512,21min 5s
27-11-2025 11:01:48,5098,Artificial_Inteligence_Translating,6.0,0.0,2187.09,1102.872266292572,18min 23s
27-11-2025 11:01:48,6185,Main_Control_Software,0.8,0.0,2.06,989.3737969398499,16min 29s
27-11-2025 11:01:48,6995,Browser_Module,0.2,0.0,0.13,798.2146780490875,13min 18s
27-11-2025 11:01:48,7008,Generic_System_Process,0.8,0.0,0,793.185261964798,13min 13s
27-11-2025 11:01:48,7009,Generic_System_Process,0.6,0.0,0,792.9858179092407,13min 13s
27-11-2025 11:01:48,7298,Browser_Module,0.2,0.0,0.48,603.2063624858856,10min 3s
27-11-2025 11:01:48,7364,Generic_System_Process,0.2,0.0,0,536.0071432590485,8min 56s
27-11-2025 11:01:48,7657,Artificial_Inteligence_Constructing,0.2,0.0,96.77,482.01778745651245,8min 2s
27-11-2025 11:01:48,7700,Artificial_Inteligence_Constructing,14.9,0.0,15.12,481.60879492759705,8min 2s
27-11-2025 11:01:48,7726,Artificial_Inteligence_Constructing,10.8,0.0,37.81,481.3994436264038,8min 1s
27-11-2025 11:01:48,7741,Artificial_Inteligence_Constructing,0.0,0.0,144.61,480.7600381374359,8min 1s
27-11-2025 11:01:48,7742,Artificial_Inteligence_Constructing,0.3,0.0,7.97,480.76082968711853,8min 1s
27-11-2025 11:01:48,7766,Artificial_Inteligence_Constructing,0.2,0.0,45.43,480.65173530578613,8min 1s
27-11-2025 11:01:48,7817,Artificial_Inteligence_Constructing,0.0,0.0,0.86,479.01236033439636,7min 59s
27-11-2025 11:01:48,7950,Artificial_Inteligence_Constructing,1.1,0.0,1.08,477.22290802001953,7min 57s
27-11-2025 11:01:48,8685,Artificial_Inteligence_Constructing,0.0,0.0,27.93,473.2535939216614,7min 53s
27-11-2025 11:01:48,9716,Browser_Module,0.0,0.0,0.11,247.59433507919312,4min 8s
27-11-2025 11:01:48,9728,Browser_Module,0.6,0.0,0.8,244.55486059188843,4min 5s
27-11-2025 11:01:48,10355,Artificial_Inteligence_Constructing,0.0,0.0,0.64,48.765618085861206,49s
27-11-2025 11:01:48,10423,Artificial_Inteligence_Mapping,2.4,0.0,0.86,33.17618918418884,33s
27-11-2025 11:01:48,10542,Browser_Module,5.2,0.0,0,14.126769304275513,14s
27-11-2025 11:01:54,14,Kernel_Scheduler_RCU,0.3,0.0,0,2402.2939438819885,40min 2s
27-11-2025 11:01:54,23,Kernel_Event_Worker_Core1,0.5,0.0,0,2402.3036363124847,40min 2s
27-11-2025 11:01:54,33,Generic_System_Process,0.2,0.0,0,2402.303760766983,40min 2s
27-11-2025 11:01:54,45,Generic_System_Process,0.2,0.0,0,2402.314851284027,40min 2s
27-11-2025 11:01:54,51,Generic_System_Process,0.2,0.0,0,2402.3225038051605,40min 2s
27-11-2025 11:01:54,250,HW_Interrupt_Driver_A,0.3,0.0,0,2400.4834938049316,40min 0s
27-11-2025 11:01:54,416,Generic_System_Process,0.2,0.0,0,2397.780319929123,39min 58s
27-11-2025 11:01:54,628,Kernel_Event_Worker_Unbound,0.6,0.0,0,2397.213718652725,39min 57s
27-11-2025 11:01:54,799,HW_Interrupt_Driver_Wifi_Sensor,1.5,0.0,0,2396.735274553299,39min 57s
27-11-2025 11:01:54,1142,Network_Discovery_Service,0.5,0.0,0,2395.576953649521,39min 56s
27-11-2025 11:01:54,1292,Kernel_Event_Worker_Core3,0.2,0.0,0,2395.478914499283,39min 55s
27-11-2025 11:01:54,1327,Containerized_Environments_Mgr,0.3,0.0,0,2395.459541082382,39min 55s
27-11-2025 11:01:54,2507,SensorFusion_DB_Manager,1.3,0.0,0,2388.332303762436,39min 48s
27-11-2025 11:01:54,3328,Vehicle_HMI_Display_Driver,13.4,0.0,5.55,2381.4255990982056,39min 41s
27-11-2025 11:01:54,3460,Autonomous_Navigation_System,15.5,0.0,34.05,2380.6997258663177,39min 41s
27-11-2025 11:01:54,4131,Browser_Module,18.1,0.0,394.62,2340.6471602916718,39min 1s
27-11-2025 11:01:54,4174,System_Integration_Layer,0.2,0.0,0.92,2340.211426258087,39min 0s
27-11-2025 11:01:54,4179,Browser_Module,23.9,0.0,32.27,2340.2026221752167,39min 0s
27-11-2025 11:01:54,4193,Browser_Module,0.0,0.0,7.36,2340.1732847690582,39min 0s
27-11-2025 11:01:54,4459,Browser_Module,0.0,0.0,4.44,2323.254106760025,38min 43s
27-11-2025 11:01:54,4492,Browser_Module,0.2,0.0,0.05,2301.244898557663,38min 21s
27-11-2025 11:01:54,4539,Browser_Module,0.0,0.0,4.09,2288.915694952011,38min 9s
27-11-2025 11:01:54,4547,Browser_Module,0.0,0.0,0.6,2288.836520910263,38min 9s
27-11-2025 11:01:54,4558,Browser_Module,0.0,0.0,45.56,2288.697163105011,38min 9s
27-11-2025 11:01:54,4866,Browser_Module,0.0,0.0,6.18,1270.9484708309174,21min 11s
27-11-2025 11:01:54,5098,Artificial_Inteligence_Translating,5.8,0.0,2187.11,1109.0597643852234,18min 29s
27-11-2025 11:01:54,6185,Main_Control_Software,0.6,0.0,2.07,995.5611577033997,16min 36s
27-11-2025 11:01:54,6842,Generic_System_Process,0.2,0.0,0,837.062251329422,13min 57s
27-11-2025 11:01:54,6995,Browser_Module,0.0,0.0,0.13,804.4030175209045,13min 24s
27-11-2025 11:01:54,7008,Generic_System_Process,0.3,0.0,0,799.3739471435547,13min 19s
27-11-2025 11:01:54,7009,GPU_Buffer_Flip_Handler,0.6,0.0,0,799.1751444339752,13min 19s
27-11-2025 11:01:54,7298,Browser_Module,0.0,0.0,0.48,609.3963851928711,10min 9s
27-11-2025 11:01:54,7657,Artificial_Inteligence_Constructing,0.0,0.0,96.77,488.2079277038574,8min 8s
27-11-2025 11:01:54,7700,Artificial_Inteligence_Constructing,14.4,0.0,15.12,487.79993057250977,8min 8s
27-11-2025 11:01:54,7726,Artificial_Inteligence_Constructing,11.1,0.0,37.81,487.5907235145569,8min 8s
27-11-2025 11:01:54,7741,Artificial_Inteligence_Constructing,0.0,0.0,144.61,486.95149517059326,8min 7s
27-11-2025 11:01:54,7742,Artificial_Inteligence_Constructing,0.2,0.0,7.97,486.9521460533142,8min 7s
27-11-2025 11:01:54,7766,Artificial_Inteligence_Constructing,0.2,0.0,45.43,486.84290194511414,8min 7s
27-11-2025 11:01:54,7817,Artificial_Inteligence_Constructing,0.0,0.0,0.86,485.20359539985657,8min 5s
27-11-2025 11:01:54,7950,Artificial_Inteligence_Constructing,1.8,0.0,1.08,483.41413855552673,8min 3s
27-11-2025 11:01:54,8685,Artificial_Inteligence_Constructing,0.2,0.0,27.93,479.4448299407959,7min 59s
27-11-2025 11:01:54,9716,Browser_Module,0.0,0.0,0.11,253.78554773330688,4min 14s
27-11-2025 11:01:54,9728,Browser_Module,0.2,0.0,0.8,250.7460868358612,4min 11s
27-11-2025 11:01:54,10355,Artificial_Inteligence_Constructing,0.0,0.0,0.64,54.95680379867554,55s
27-11-2025 11:01:54,10423,Artificial_Inteligence_Mapping,2.7,0.0,0.87,39.367348194122314,39s
27-11-2025 11:01:54,10542,Browser_Module,5.0,0.0,0,20.31790280342102,20s
27-11-2025 11:02:00,13,Generic_System_Process,0.2,0.0,0,2408.4840483665466,40min 8s
27-11-2025 11:02:00,14,Kernel_Scheduler_RCU,0.3,0.0,0,2408.4912247657776,40min 8s
27-11-2025 11:02:00,21,Kernel_Core_Migration_Handler,0.2,0.0,0,2408.500529527664,40min 9s
27-11-2025 11:02:00,23,Kernel_Event_Worker_Core1,0.5,0.0,0,2408.5081288814545,40min 9s
27-11-2025 11:02:00,33,Generic_System_Process,0.2,0.0,0,2408.5075891017914,40min 9s
27-11-2025 11:02:00,39,Generic_System_Process,0.2,0.0,0,2408.5173633098602,40min 9s
27-11-2025 11:02:00,57,Generic_System_Process,0.2,0.0,0,2408.5171236991882,40min 9s
27-11-2025 11:02:00,216,Generic_System_Process,0.2,0.0,0,2406.7877740859985,40min 7s
27-11-2025 11:02:00,605,Generic_System_Process,0.2,0.0,0,2403.5545744895935,40min 4s
27-11-2025 11:02:00,628,Kernel_Event_Worker_Unbound,0.2,0.0,0,2403.4172406196594,40min 3s
27-11-2025 11:02:00,799,HW_Interrupt_Driver_Wifi_Sensor,0.8,0.0,0,2402.9397959709167,40min 3s
27-11-2025 11:02:00,1142,Network_Discovery_Service,0.3,0.0,0,2401.781747341156,40min 2s
27-11-2025 11:02:00,1189,Thermal_Management_Unit_Driver,0.3,0.0,0,2401.7638034820557,40min 2s
27-11-2025 11:02:00,1327,Containerized_Environments_Mgr,0.2,0.0,0,2401.6650779247284,40min 2s
27-11-2025 11:02:00,2507,SensorFusion_DB_Manager,1.3,0.0,0,2394.5371441841125,39min 55s
27-11-2025 11:02:00,3328,Vehicle_HMI_Display_Driver,12.7,0.0,5.55,2387.6297051906586,39min 48s
27-11-2025 11:02:00,3460,Autonomous_Navigation_System,16.4,0.0,34.05,2386.9011702537537,39min 47s
27-11-2025 11:02:00,3638,Generic_System_Process,0.2,0.0,0.25,2385.9352991580963,39min 46s
27-11-2025 11:02:00,4131,Browser_Module,17.7,0.0,394.83,2346.8485522270203,39min 7s
27-11-2025 11:02:00,4174,System_Integration_Layer,0.2,0.0,0.92,2346.4102358818054,39min 6s
27-11-2025 11:02:00,4179,Browser_Module,23.9,0.0,32.27,2346.4013407230377,39min 6s
27-11-2025 11:02:00,4193,Browser_Module,0.2,0.0,7.36,2346.37220454216,39min 6s
27-11-2025 11:02:00,4194,System_Integration_Layer_GTK,0.2,0.0,0.65,2346.3627820014954,39min 6s
27-11-2025 11:02:00,4459,Browser_Module,0.0,0.0,4.44,2329.453407764435,38min 49s
27-11-2025 11:02:00,4492,Browser_Module,0.0,0.0,0.05,2307.444240808487,38min 27s
27-11-2025 11:02:00,4539,Browser_Module,0.0,0.0,4.09,2295.114782810211,38min 15s
27-11-2025 11:02:00,4547,Browser_Module,0.0,0.0,0.6,2295.0353467464447,38min 15s
27-11-2025 11:02:00,4558,Browser_Module,0.0,0.0,45.56,2294.8959064483643,38min 15s
27-11-2025 11:02:00,4866,Browser_Module,0.0,0.0,6.18,1277.14666223526,21min 17s
27-11-2025 11:02:00,4951,Generic_System_Process,0.2,0.0,0,1120.4577655792236,18min 40s
27-11-2025 11:02:00,5098,Artificial_Inteligence_Translating,6.0,0.0,2187.13,1115.2587053775787,18min 35s
27-11-2025 11:02:00,6185,Main_Control_Software,1.1,0.0,2.09,1001.7597255706787,16min 42s
27-11-2025 11:02:00,6842,Generic_System_Process,0.2,0.0,0,843.2606410980225,14min 3s
27-11-2025 11:02:00,6995,Browser_Module,0.0,0.0,0.13,810.6011922359467,13min 31s
27-11-2025 11:02:00,7008,Generic_System_Process,0.8,0.0,0,805.571793794632,13min 26s
27-11-2025 11:02:00,7009,GPU_Buffer_Flip_Handler,0.6,0.0,0,805.372367143631,13min 25s
27-11-2025 11:02:00,7298,Browser_Module,0.0,0.0,0.48,615.593022108078,10min 16s
27-11-2025 11:02:00,7657,Artificial_Inteligence_Constructing,0.2,0.0,96.77,494.4040083885193,8min 14s
27-11-2025 11:02:00,7700,Artificial_Inteligence_Constructing,15.7,0.0,15.12,493.9950785636902,8min 14s
27-11-2025 11:02:00,7726,Artificial_Inteligence_Constructing,11.0,0.0,37.81,493.78574419021606,8min 14s
27-11-2025 11:02:00,7741,Artificial_Inteligence_Constructing,0.0,0.0,144.61,493.1463131904602,8min 13s
27-11-2025 11:02:00,7742,Artificial_Inteligence_Constructing,0.5,0.0,7.97,493.146933555603,8min 13s
27-11-2025 11:02:00,7766,Artificial_Inteligence_Constructing,0.3,0.0,45.43,493.0375487804413,8min 13s
27-11-2025 11:02:00,7817,Artificial_Inteligence_Constructing,0.2,0.0,0.86,491.3982484340668,8min 11s
27-11-2025 11:02:00,7950,Artificial_Inteligence_Constructing,1.0,0.0,1.08,489.60879135131836,8min 10s
27-11-2025 11:02:00,8685,Artificial_Inteligence_Constructing,0.2,0.0,27.93,485.63949179649353,8min 6s
27-11-2025 11:02:00,9716,Browser_Module,0.0,0.0,0.11,259.9802575111389,4min 20s
27-11-2025 11:02:00,9728,Browser_Module,0.2,0.0,0.8,256.9408824443817,4min 17s
27-11-2025 11:02:00,10355,Artificial_Inteligence_Constructing,0.0,0.0,0.64,61.15169167518616,1min 1s
27-11-2025 11:02:00,10423,Artificial_Inteligence_Mapping,2.7,0.0,0.88,45.56283092498779,46s
27-11-2025 11:02:00,10542,Browser_Module,3.2,0.0,0,26.51367473602295,27s
27-11-2025 11:02:06,14,Kernel_Scheduler_RCU,0.3,0.0,0,2414.6723940372467,40min 15s
27-11-2025 11:02:06,21,Kernel_Core_Migration_Handler,0.2,0.0,0,2414.6792380809784,40min 15s
27-11-2025 11:02:06,23,Kernel_Event_Worker_Core1,0.5,0.0,0,2414.6833877563477,40min 15s
27-11-2025 11:02:06,33,Generic_System_Process,0.2,0.0,0,2414.680704832077,40min 15s
27-11-2025 11:02:06,34,Generic_System_Process,0.2,0.0,0,2414.6852300167084,40min 15s
27-11-2025 11:02:06,51,Generic_System_Process,0.2,0.0,0,2414.695832490921,40min 15s
27-11-2025 11:02:06,58,Generic_System_Process,0.2,0.0,0,2414.6928300857544,40min 15s
27-11-2025 11:02:06,268,Generic_System_Process,0.2,0.0,0,2412.1043598651886,40min 12s
27-11-2025 11:02:06,628,Kernel_Event_Worker_Unbound,0.2,0.0,0,2409.588667869568,40min 10s
27-11-2025 11:02:06,799,HW_Interrupt_Driver_Wifi_Sensor,1.3,0.0,0,2409.110435962677,40min 9s
27-11-2025 11:02:06,1142,Network_Discovery_Service,0.5,0.0,0,2407.952480316162,40min 8s
27-11-2025 11:02:06,1189,Thermal_Management_Unit_Driver,0.3,0.0,0,2407.934442281723,40min 8s
27-11-2025 11:02:06,1197,Generic_System_Process,0.2,0.0,0,2407.9260630607605,40min 8s
27-11-2025 11:02:06,1327,Containerized_Environments_Mgr,0.5,0.0,0,2407.838036298752,40min 8s
27-11-2025 11:02:06,1864,Generic_System_Process,0.3,0.0,0,2407.02978014946,40min 7s
27-11-2025 11:02:06,2345,Generic_System_Process,0.2,0.0,0,2400.780821323395,40min 1s
27-11-2025 11:02:06,2507,SensorFusion_DB_Manager,1.3,0.0,0,2400.7114837169647,40min 1s
27-11-2025 11:02:06,3321,InterProcess_Comms_Bus,0.2,0.0,0,2394.0432345867157,39min 54s
27-11-2025 11:02:06,3328,Vehicle_HMI_Display_Driver,12.1,0.0,5.55,2393.805564403534,39min 54s
27-11-2025 11:02:06,3460,Autonomous_Navigation_System,13.9,0.0,34.05,2393.077323436737,39min 53s
27-11-2025 11:02:06,3580,Generic_System_Process,0.2,0.0,0.11,2392.2893545627594,39min 52s
27-11-2025 11:02:06,4131,Browser_Module,17.3,0.0,395.37,2353.022737264633,39min 13s
27-11-2025 11:02:06,4174,System_Integration_Layer,0.2,0.0,0.92,2352.5841591358185,39min 13s
27-11-2025 11:02:06,4179,Browser_Module,23.8,0.0,32.28,2352.5748488903046,39min 13s
27-11-2025 11:02:06,4193,Browser_Module,0.8,0.0,7.36,2352.5458149909973,39min 13s
27-11-2025 11:02:06,4459,Browser_Module,0.0,0.0,4.44,2335.626903295517,38min 56s
27-11-2025 11:02:06,4492,Browser_Module,0.0,0.0,0.05,2313.6177525520325,38min 34s
27-11-2025 11:02:06,4539,Browser_Module,0.0,0.0,4.09,2301.288314819336,38min 21s
27-11-2025 11:02:06,4547,Browser_Module,0.0,0.0,0.6,2301.2089507579803,38min 21s
27-11-2025 11:02:06,4558,Browser_Module,0.0,0.0,45.56,2301.069767475128,38min 21s
27-11-2025 11:02:06,4800,Generic_System_Process,0.2,0.0,0,1512.9707622528076,25min 13s
27-11-2025 11:02:06,4866,Browser_Module,0.0,0.0,6.18,1283.321403503418,21min 23s
27-11-2025 11:02:06,5098,Artificial_Inteligence_Translating,5.7,0.0,2187.14,1121.432225227356,18min 41s
27-11-2025 11:02:06,6185,Main_Control_Software,0.8,0.0,2.09,1007.9328546524048,16min 48s
27-11-2025 11:02:06,6995,Browser_Module,0.0,0.0,0.13,816.7737138271332,13min 37s
27-11-2025 11:02:06,7008,Generic_System_Process,0.6,0.0,0,811.7442524433136,13min 32s
27-11-2025 11:02:06,7009,Generic_System_Process,0.5,0.0,0,811.5447835922241,13min 32s
27-11-2025 11:02:06,7298,Browser_Module,0.0,0.0,0.48,621.7652883529663,10min 22s
27-11-2025 11:02:06,7657,Artificial_Inteligence_Constructing,0.0,0.0,96.77,500.57610726356506,8min 21s
27-11-2025 11:02:06,7700,Artificial_Inteligence_Constructing,13.8,0.0,15.12,500.1670870780945,8min 20s
27-11-2025 11:02:06,7705,Artificial_Inteligence_Constructing,0.2,0.0,5.97,500.1479105949402,8min 20s
27-11-2025 11:02:06,7726,Artificial_Inteligence_Constructing,9.9,0.0,37.81,499.9590027332306,8min 20s
27-11-2025 11:02:06,7741,Artificial_Inteligence_Constructing,0.0,0.0,144.61,499.31955313682556,8min 19s
27-11-2025 11:02:06,7742,Artificial_Inteligence_Constructing,0.2,0.0,7.97,499.3200731277466,8min 19s
27-11-2025 11:02:06,7766,Artificial_Inteligence_Constructing,0.2,0.0,45.43,499.2106204032898,8min 19s
27-11-2025 11:02:06,7817,Artificial_Inteligence_Constructing,0.0,0.0,0.86,497.57123708724976,8min 18s
27-11-2025 11:02:06,7950,Artificial_Inteligence_Constructing,1.0,0.0,1.08,495.7817802429199,8min 16s
27-11-2025 11:02:06,8685,Artificial_Inteligence_Constructing,10.9,0.0,27.93,491.81245517730713,8min 12s
27-11-2025 11:02:06,9716,Browser_Module,0.0,0.0,0.11,266.15317368507385,4min 26s
27-11-2025 11:02:06,9728,Browser_Module,0.0,0.0,0.8,263.1136918067932,4min 23s
27-11-2025 11:02:06,10323,Generic_System_Process,0.2,0.0,0,77.4343478679657,1min 17s
27-11-2025 11:02:06,10355,Artificial_Inteligence_Constructing,0.0,0.0,0.64,67.32486057281494,1min 7s
27-11-2025 11:02:06,10423,Artificial_Inteligence_Mapping,2.3,0.0,0.89,51.735392332077026,52s
27-11-2025 11:02:06,10542,Browser_Module,13.0,0.0,0.12,32.686010122299194,33s
27-11-2025 11:02:12,14,Kernel_Scheduler_RCU,0.2,0.0,0,2420.8424396514893,40min 21s
27-11-2025 11:02:12,21,Kernel_Core_Migration_Handler,0.2,0.0,0,2420.8493535518646,40min 21s
27-11-2025 11:02:12,23,Kernel_Event_Worker_Core1,0.5,0.0,0,2420.8533153533936,40min 21s
27-11-2025 11:02:12,45,Generic_System_Process,0.2,0.0,0,2420.851586341858,40min 21s
27-11-2025 11:02:12,57,Generic_System_Process,0.2,0.0,0,2420.8464879989624,40min 21s
27-11-2025 11:02:12,250,HW_Interrupt_Driver_A,0.3,0.0,0,2419.016753435135,40min 19s
27-11-2025 11:02:12,628,Kernel_Event_Worker_Unbound,0.5,0.0,0,2415.740956068039,40min 16s
27-11-2025 11:02:12,799,HW_Interrupt_Driver_Wifi_Sensor,1.0,0.0,0,2415.262365579605,40min 15s
27-11-2025 11:02:12,1142,Network_Discovery_Service,1.1,0.0,0,2414.103546142578,40min 14s
27-11-2025 11:02:12,1147,InterProcess_Comms_Bus,0.2,0.0,0,2414.104396343231,40min 14s
27-11-2025 11:02:12,1327,Containerized_Environments_Mgr,0.2,0.0,0,2413.986494541168,40min 14s
27-11-2025 11:02:12,2296,Generic_System_Process,0.8,0.0,0,2406.9681026935577,40min 7s
27-11-2025 11:02:12,2507,SensorFusion_DB_Manager,1.1,0.0,0,2406.8594133853912,40min 7s
27-11-2025 11:02:12,3328,Vehicle_HMI_Display_Driver,11.7,0.0,5.55,2399.950688123703,40min 0s
27-11-2025 11:02:12,3460,Autonomous_Navigation_System,11.6,0.0,34.05,2399.2217166423798,39min 59s
27-11-2025 11:02:12,4131,Browser_Module,5.0,0.0,395.73,2359.16583108902,39min 19s
27-11-2025 11:02:12,4174,System_Integration_Layer,0.3,0.0,0.92,2358.728302001953,39min 19s
27-11-2025 11:02:12,4179,Browser_Module,20.3,0.0,32.28,2358.7189660072327,39min 19s
27-11-2025 11:02:12,4193,Browser_Module,0.0,0.0,7.36,2358.689626932144,39min 19s
27-11-2025 11:02:12,4194,System_Integration_Layer_GTK,0.2,0.0,0.65,2358.6801970005035,39min 19s
27-11-2025 11:02:12,4459,Browser_Module,0.0,0.0,4.44,2341.770851135254,39min 2s
27-11-2025 11:02:12,4492,Browser_Module,0.0,0.0,0.05,2319.761641025543,38min 40s
27-11-2025 11:02:12,4539,Browser_Module,0.0,0.0,4.09,2307.4324753284454,38min 27s
27-11-2025 11:02:12,4547,Browser_Module,0.0,0.0,0.6,2307.353055000305,38min 27s
27-11-2025 11:02:12,4558,Browser_Module,0.0,0.0,45.56,2307.213646888733,38min 27s
27-11-2025 11:02:12,4866,Browser_Module,0.0,0.0,6.18,1289.4644050598145,21min 29s
27-11-2025 11:02:12,4914,Generic_System_Process,0.2,0.0,0,1260.3551096916199,21min 0s
27-11-2025 11:02:12,5098,Artificial_Inteligence_Translating,6.2,0.0,2187.15,1127.5758957862854,18min 48s
27-11-2025 11:02:12,6185,Main_Control_Software,1.0,0.0,2.11,1014.0765964984894,16min 54s
27-11-2025 11:02:12,6995,Browser_Module,0.0,0.0,0.13,822.917400598526,13min 43s
27-11-2025 11:02:12,7008,Generic_System_Process,0.3,0.0,0,817.8881089687347,13min 38s
27-11-2025 11:02:12,7009,GPU_Buffer_Flip_Handler,0.3,0.0,0,817.6886596679688,13min 38s
27-11-2025 11:02:12,7298,Browser_Module,0.0,0.0,0.48,627.9091954231262,10min 28s
27-11-2025 11:02:12,7657,Artificial_Inteligence_Constructing,0.2,0.0,96.77,506.7202091217041,8min 27s
27-11-2025 11:02:12,7700,Artificial_Inteligence_Constructing,15.3,0.0,15.12,506.3116047382355,8min 26s
27-11-2025 11:02:12,7726,Artificial_Inteligence_Constructing,11.2,0.0,37.81,506.102525472641,8min 26s
27-11-2025 11:02:12,7741,Artificial_Inteligence_Constructing,0.0,0.0,144.61,505.46334314346313,8min 25s
27-11-2025 11:02:12,7742,Artificial_Inteligence_Constructing,0.2,0.0,7.97,505.4640407562256,8min 25s
27-11-2025 11:02:12,7766,Artificial_Inteligence_Constructing,0.2,0.0,45.43,505.354617357254,8min 25s
27-11-2025 11:02:12,7817,Artificial_Inteligence_Constructing,0.0,0.0,0.86,503.71524953842163,8min 24s
27-11-2025 11:02:12,7950,Artificial_Inteligence_Constructing,1.1,0.0,1.08,501.9258143901825,8min 22s
27-11-2025 11:02:12,8685,Artificial_Inteligence_Constructing,0.2,0.0,27.93,497.9564929008484,8min 18s
27-11-2025 11:02:12,9716,Browser_Module,0.0,0.0,0.11,272.29725313186646,4min 32s
27-11-2025 11:02:12,9728,Browser_Module,0.0,0.0,0.8,269.25784730911255,4min 29s
27-11-2025 11:02:12,10355,Artificial_Inteligence_Constructing,0.0,0.0,0.64,73.46872401237488,1min 13s
27-11-2025 11:02:12,10423,Artificial_Inteligence_Mapping,2.1,0.0,0.9,57.87945079803467,58s
27-11-2025 11:02:12,10542,Browser_Module,11.1,0.0,0.12,38.83015751838684,39s
27-11-2025 11:02:19,14,Kernel_Scheduler_RCU,0.2,0.0,0,2426.976737976074,40min 27s
27-11-2025 11:02:19,28,Generic_System_Process,0.2,0.0,0,2426.9868047237396,40min 27s
27-11-2025 11:02:19,33,Generic_System_Process,0.2,0.0,0,2426.9821496009827,40min 27s
27-11-2025 11:02:19,39,Generic_System_Process,0.2,0.0,0,2426.9870944023132,40min 27s
27-11-2025 11:02:19,799,HW_Interrupt_Driver_Wifi_Sensor,1.0,0.0,0,2421.397719144821,40min 21s
27-11-2025 11:02:19,1142,Network_Discovery_Service,0.5,0.0,0,2420.239984512329,40min 20s
27-11-2025 11:02:19,1150,Generic_System_Process,0.2,0.0,0,2420.2418596744537,40min 20s
27-11-2025 11:02:19,1189,Thermal_Management_Unit_Driver,0.3,0.0,0,2420.2232015132904,40min 20s
27-11-2025 11:02:19,1327,Containerized_Environments_Mgr,0.2,0.0,0,2420.1247293949127,40min 20s
27-11-2025 11:02:19,2507,SensorFusion_DB_Manager,1.1,0.0,0,2412.9967687129974,40min 13s
27-11-2025 11:02:19,3321,InterProcess_Comms_Bus,0.3,0.0,0,2406.328486442566,40min 6s
27-11-2025 11:02:19,3328,Vehicle_HMI_Display_Driver,7.5,0.0,5.55,2406.0895688533783,40min 6s
27-11-2025 11:02:19,3460,Autonomous_Navigation_System,3.4,0.0,34.05,2405.3606486320496,40min 5s
27-11-2025 11:02:19,4131,Browser_Module,2.3,0.0,395.92,2365.304986000061,39min 25s
27-11-2025 11:02:19,4174,System_Integration_Layer,0.2,0.0,0.92,2364.867511510849,39min 25s
27-11-2025 11:02:19,4179,Browser_Module,5.0,0.0,32.28,2364.8583397865295,39min 25s
27-11-2025 11:02:19,4193,Browser_Module,0.0,0.0,7.36,2364.8291034698486,39min 25s
27-11-2025 11:02:19,4194,System_Integration_Layer_GTK,0.2,0.0,0.65,2364.8197872638702,39min 25s
27-11-2025 11:02:19,4459,Browser_Module,0.0,0.0,4.44,2347.9105772972107,39min 8s
27-11-2025 11:02:19,4492,Browser_Module,0.0,0.0,0.05,2325.9016156196594,38min 46s
27-11-2025 11:02:19,4539,Browser_Module,0.0,0.0,4.09,2313.572654724121,38min 34s
27-11-2025 11:02:19,4547,Browser_Module,0.0,0.0,0.6,2313.493422269821,38min 33s
27-11-2025 11:02:19,4558,Browser_Module,0.0,0.0,45.56,2313.354075908661,38min 33s
27-11-2025 11:02:19,4866,Browser_Module,0.2,0.0,6.18,1295.604979276657,21min 36s
27-11-2025 11:02:19,5098,Artificial_Inteligence_Translating,5.5,0.0,2187.17,1133.716159105301,18min 54s
27-11-2025 11:02:19,6185,Main_Control_Software,0.8,0.0,2.12,1020.2170097827911,17min 0s
27-11-2025 11:02:19,6842,Generic_System_Process,0.2,0.0,0,861.7179839611053,14min 22s
27-11-2025 11:02:19,6995,Browser_Module,0.0,0.0,0.13,829.0586173534393,13min 49s
27-11-2025 11:02:19,7008,Generic_System_Process,0.3,0.0,0,824.0292844772339,13min 44s
27-11-2025 11:02:19,7009,GPU_Buffer_Flip_Handler,0.2,0.0,0,823.8300986289978,13min 44s
27-11-2025 11:02:19,7298,Browser_Module,0.0,0.0,0.48,634.0510530471802,10min 34s
27-11-2025 11:02:19,7364,Generic_System_Process,0.2,0.0,0,566.8519380092621,9min 27s
27-11-2025 11:02:19,7657,Artificial_Inteligence_Constructing,0.0,0.0,96.77,512.8625118732452,8min 33s
27-11-2025 11:02:19,7700,Artificial_Inteligence_Constructing,13.2,0.0,15.12,512.4535171985626,8min 32s
27-11-2025 11:02:19,7726,Artificial_Inteligence_Constructing,8.6,0.0,37.81,512.2443215847015,8min 32s
27-11-2025 11:02:19,7741,Artificial_Inteligence_Constructing,0.0,0.0,144.61,511.6049852371216,8min 32s
27-11-2025 11:02:19,7742,Artificial_Inteligence_Constructing,0.3,0.0,7.97,511.6063458919525,8min 32s
27-11-2025 11:02:19,7766,Artificial_Inteligence_Constructing,0.3,0.0,45.43,511.4972789287567,8min 31s
27-11-2025 11:02:19,7817,Artificial_Inteligence_Constructing,0.0,0.0,0.86,509.85826349258423,8min 30s
27-11-2025 11:02:19,7950,Artificial_Inteligence_Constructing,1.3,0.0,1.08,508.0695445537567,8min 28s
27-11-2025 11:02:19,8685,Artificial_Inteligence_Constructing,0.0,0.0,27.93,504.100332736969,8min 24s
27-11-2025 11:02:19,9716,Browser_Module,0.0,0.0,0.11,278.4410924911499,4min 38s
27-11-2025 11:02:19,9728,Browser_Module,0.2,0.0,0.8,275.40167212486267,4min 35s
27-11-2025 11:02:19,10355,Artificial_Inteligence_Constructing,0.0,0.0,0.64,79.6124050617218,1min 20s
27-11-2025 11:02:19,10423,Artificial_Inteligence_Mapping,2.0,0.0,0.91,64.02297973632812,1min 4s
27-11-2025 11:02:19,10542,Browser_Module,8.6,0.0,0.12,44.973525285720825,45s
27-11-2025 11:02:25,14,Kernel_Scheduler_RCU,0.2,0.0,0,2433.1324634552,40min 33s
27-11-2025 11:02:25,21,Kernel_Core_Migration_Handler,0.2,0.0,0,2433.138534784317,40min 33s
27-11-2025 11:02:25,23,Kernel_Event_Worker_Core1,0.5,0.0,0,2433.1428916454315,40min 33s
27-11-2025 11:02:25,51,Generic_System_Process,0.2,0.0,0,2433.146190881729,40min 33s
27-11-2025 11:02:25,57,Generic_System_Process,0.2,0.0,0,2433.1415033340454,40min 33s
27-11-2025 11:02:25,58,Generic_System_Process,0.2,0.0,0,2433.144999265671,40min 33s
27-11-2025 11:02:25,67,Generic_System_Process,2.4,0.0,0,2433.1501100063324,40min 33s
27-11-2025 11:02:25,250,HW_Interrupt_Driver_A,0.8,0.0,0,2431.3171718120575,40min 31s
27-11-2025 11:02:25,253,Generic_System_Process,0.2,0.0,0,2431.0492231845856,40min 31s
27-11-2025 11:02:25,628,Generic_System_Process,0.3,0.0,0,2428.041564464569,40min 28s
27-11-2025 11:02:25,799,HW_Interrupt_Driver_Wifi_Sensor,0.6,0.0,0,2427.563090801239,40min 28s
27-11-2025 11:02:25,1142,Network_Discovery_Service,0.2,0.0,0,2426.407014608383,40min 26s
27-11-2025 11:02:25,1157,Generic_System_Process,0.2,0.0,0,2426.4000527858734,40min 26s
27-11-2025 11:02:25,1189,Thermal_Management_Unit_Driver,0.3,0.0,0,2426.3944911956787,40min 26s
27-11-2025 11:02:25,1327,Containerized_Environments_Mgr,0.2,0.0,0,2426.297221660614,40min 26s
27-11-2025 11:02:25,2507,SensorFusion_DB_Manager,1.3,0.0,0,2419.169910669327,40min 19s
27-11-2025 11:02:25,3328,Vehicle_HMI_Display_Driver,13.0,0.0,5.55,2412.2637190818787,40min 12s
27-11-2025 11:02:25,3460,Autonomous_Navigation_System,13.0,0.0,34.05,2411.536322593689,40min 12s
27-11-2025 11:02:25,4131,Browser_Module,20.6,0.0,396.93,2371.481686115265,39min 31s
27-11-2025 11:02:25,4174,System_Integration_Layer,0.2,0.0,0.92,2371.0432574748993,39min 31s
27-11-2025 11:02:25,4179,Browser_Module,22.7,0.0,32.28,2371.0344755649567,39min 31s
27-11-2025 11:02:25,4193,Browser_Module,0.5,0.0,7.36,2371.005272626877,39min 31s
27-11-2025 11:02:25,4459,Browser_Module,0.0,0.0,4.44,2354.0864124298096,39min 14s
27-11-2025 11:02:25,4492,Browser_Module,0.0,0.0,0.05,2332.0773298740387,38min 52s
27-11-2025 11:02:25,4539,Browser_Module,0.0,0.0,4.09,2319.7478816509247,38min 40s
27-11-2025 11:02:25,4547,Browser_Module,0.0,0.0,0.6,2319.6684279441833,38min 40s
27-11-2025 11:02:25,4558,Browser_Module,0.0,0.0,45.56,2319.5289669036865,38min 40s
27-11-2025 11:02:25,4866,Browser_Module,0.0,0.0,6.18,1301.7797305583954,21min 42s
27-11-2025 11:02:25,4951,Generic_System_Process,0.3,0.0,0,1145.0903975963593,19min 5s
27-11-2025 11:02:25,5098,Artificial_Inteligence_Translating,5.8,0.0,2187.18,1139.8910429477692,19min 0s
27-11-2025 11:02:25,6185,Main_Control_Software,0.8,0.0,2.13,1026.3916628360748,17min 6s
27-11-2025 11:02:25,6842,Generic_System_Process,0.2,0.0,0,867.8924169540405,14min 28s
27-11-2025 11:02:25,6995,Browser_Module,0.0,0.0,0.13,835.2330458164215,13min 55s
27-11-2025 11:02:25,7009,GPU_Buffer_Flip_Handler,0.5,0.0,0,830.0038688182831,13min 50s
27-11-2025 11:02:25,7298,Browser_Module,0.0,0.0,0.48,640.2247519493103,10min 40s
27-11-2025 11:02:25,7657,Artificial_Inteligence_Constructing,0.3,0.0,96.77,519.0356435775757,8min 39s
27-11-2025 11:02:25,7700,Artificial_Inteligence_Constructing,13.6,0.0,15.12,518.6265058517456,8min 39s
27-11-2025 11:02:25,7726,Artificial_Inteligence_Constructing,9.9,0.0,37.81,518.4171323776245,8min 38s
27-11-2025 11:02:25,7741,Artificial_Inteligence_Constructing,0.0,0.0,144.61,517.7776951789856,8min 38s
27-11-2025 11:02:25,7742,Artificial_Inteligence_Constructing,0.5,0.0,7.97,517.7782437801361,8min 38s
27-11-2025 11:02:25,7766,Artificial_Inteligence_Constructing,0.2,0.0,45.43,517.66876912117,8min 38s
27-11-2025 11:02:25,7817,Artificial_Inteligence_Constructing,0.0,0.0,0.86,516.0293896198273,8min 36s
27-11-2025 11:02:25,7950,Artificial_Inteligence_Constructing,0.6,0.0,1.08,514.2399320602417,8min 34s
27-11-2025 11:02:25,8685,Artificial_Inteligence_Constructing,0.2,0.0,27.93,510.2705674171448,8min 30s
27-11-2025 11:02:25,9716,Browser_Module,0.0,0.0,0.11,284.61123037338257,4min 45s
27-11-2025 11:02:25,9728,Browser_Module,0.0,0.0,0.8,281.5718138217926,4min 42s
27-11-2025 11:02:25,10355,Artificial_Inteligence_Constructing,0.0,0.0,0.64,85.78250503540039,1min 26s
27-11-2025 11:02:25,10423,Artificial_Inteligence_Mapping,2.4,0.0,0.92,70.19298791885376,1min 10s
27-11-2025 11:02:25,10542,Browser_Module,16.0,0.0,0.31,51.14351439476013,51s
27-11-2025 11:02:31,14,Kernel_Scheduler_RCU,0.3,0.0,0,2439.301460504532,40min 39s
27-11-2025 11:02:31,21,Kernel_Core_Migration_Handler,0.2,0.0,0,2439.3103239536285,40min 39s
27-11-2025 11:02:31,23,Kernel_Event_Worker_Core1,0.3,0.0,0,2439.3152396678925,40min 39s
27-11-2025 11:02:31,33,Generic_System_Process,0.2,0.0,0,2439.313220024109,40min 39s
27-11-2025 11:02:31,45,Generic_System_Process,0.2,0.0,0,2439.3221678733826,40min 39s
27-11-2025 11:02:31,52,Generic_System_Process,0.2,0.0,0,2439.3330097198486,40min 39s
27-11-2025 11:02:31,57,Generic_System_Process,0.2,0.0,0,2439.3295686244965,40min 39s
27-11-2025 11:02:31,628,Generic_System_Process,0.6,0.0,0,2434.222451686859,40min 34s
27-11-2025 11:02:31,799,HW_Interrupt_Driver_Wifi_Sensor,5.0,0.0,0,2433.7452120780945,40min 34s
27-11-2025 11:02:31,1139,Generic_System_Process,0.2,0.0,0,2432.588667154312,40min 33s
27-11-2025 11:02:31,1142,Network_Discovery_Service,0.3,0.0,0,2432.592099428177,40min 33s
27-11-2025 11:02:31,1189,Thermal_Management_Unit_Driver,0.3,0.0,0,2432.5752923488617,40min 33s
27-11-2025 11:02:31,1197,Generic_System_Process,0.2,0.0,0,2432.5683550834656,40min 33s
27-11-2025 11:02:31,1327,Containerized_Environments_Mgr,0.2,0.0,0,2432.480066537857,40min 32s
27-11-2025 11:02:31,2507,SensorFusion_DB_Manager,1.1,0.0,0,2425.35240983963,40min 25s
27-11-2025 11:02:31,3328,Vehicle_HMI_Display_Driver,9.9,0.0,5.55,2418.4447638988495,40min 18s
27-11-2025 11:02:31,3460,Autonomous_Navigation_System,9.2,0.0,34.05,2417.7160398960114,40min 18s
27-11-2025 11:02:31,3520,Accessibility_Feature_Service,0.2,0.0,0,2417.1474335193634,40min 17s
27-11-2025 11:02:31,3654,Generic_System_Process,0.2,0.0,0.42,2416.740688562393,40min 17s
27-11-2025 11:02:31,3710,Generic_System_Process,0.2,0.0,1.18,2416.7036373615265,40min 17s
27-11-2025 11:02:31,4131,Browser_Module,14.4,0.0,397.7,2377.6662533283234,39min 38s
27-11-2025 11:02:31,4174,System_Integration_Layer,0.3,0.0,0.92,2377.2284774780273,39min 37s
27-11-2025 11:02:31,4179,Browser_Module,13.9,0.0,32.28,2377.219139814377,39min 37s
27-11-2025 11:02:31,4193,Browser_Module,6.0,0.0,7.36,2377.1903088092804,39min 37s
27-11-2025 11:02:31,4194,System_Integration_Layer_GTK,0.2,0.0,0.65,2377.1813793182373,39min 37s
27-11-2025 11:02:31,4459,Browser_Module,0.0,0.0,4.44,2360.272323846817,39min 20s
27-11-2025 11:02:31,4492,Browser_Module,0.0,0.0,0.05,2338.2631282806396,38min 58s
27-11-2025 11:02:31,4539,Browser_Module,0.0,0.0,4.09,2325.9339187145233,38min 46s
27-11-2025 11:02:31,4547,Browser_Module,0.0,0.0,0.6,2325.8546619415283,38min 46s
27-11-2025 11:02:31,4558,Browser_Module,0.0,0.0,45.56,2325.715219974518,38min 46s
27-11-2025 11:02:31,4800,Generic_System_Process,0.2,0.0,0,1537.6159014701843,25min 38s
27-11-2025 11:02:31,4866,Browser_Module,0.0,0.0,6.18,1307.9664599895477,21min 48s
27-11-2025 11:02:31,5098,Artificial_Inteligence_Translating,7.1,0.0,2187.31,1146.077301979065,19min 6s
27-11-2025 11:02:31,6185,Main_Control_Software,0.8,0.0,2.14,1032.578054189682,17min 13s
27-11-2025 11:02:31,6995,Browser_Module,0.0,0.0,0.13,841.4189071655273,14min 1s
27-11-2025 11:02:31,7008,Generic_System_Process,0.2,0.0,0,836.3895344734192,13min 56s
27-11-2025 11:02:31,7009,Generic_System_Process,0.5,0.0,0,836.1900975704193,13min 56s
27-11-2025 11:02:31,7298,Browser_Module,0.0,0.0,0.48,646.4106571674347,10min 46s
27-11-2025 11:02:31,7364,Generic_System_Process,0.2,0.0,0,579.211489200592,9min 39s
27-11-2025 11:02:31,7657,Artificial_Inteligence_Constructing,0.2,0.0,96.77,525.2220849990845,8min 45s
27-11-2025 11:02:31,7700,Artificial_Inteligence_Constructing,14.1,0.0,15.12,524.8129498958588,8min 45s
27-11-2025 11:02:31,7726,Artificial_Inteligence_Constructing,10.2,0.0,37.81,524.6036055088043,8min 45s
27-11-2025 11:02:31,7741,Artificial_Inteligence_Constructing,0.0,0.0,144.61,523.964161157608,8min 44s
27-11-2025 11:02:31,7742,Artificial_Inteligence_Constructing,0.2,0.0,7.97,523.9647238254547,8min 44s
27-11-2025 11:02:31,7766,Artificial_Inteligence_Constructing,0.2,0.0,45.43,523.8552613258362,8min 44s
27-11-2025 11:02:31,7817,Artificial_Inteligence_Constructing,0.0,0.0,0.86,522.2158839702606,8min 42s
27-11-2025 11:02:31,7950,Artificial_Inteligence_Constructing,1.1,0.0,1.08,520.4263830184937,8min 40s
27-11-2025 11:02:31,8685,Artificial_Inteligence_Constructing,0.2,0.0,27.93,516.4570245742798,8min 36s
27-11-2025 11:02:31,9716,Browser_Module,0.0,0.0,0.11,290.7976849079132,4min 51s
27-11-2025 11:02:31,9728,Browser_Module,0.0,0.0,0.8,287.7581787109375,4min 48s
27-11-2025 11:02:31,10323,Generic_System_Process,0.3,0.0,0,102.07882571220398,1min 42s
27-11-2025 11:02:31,10355,Artificial_Inteligence_Constructing,0.0,0.0,0.64,91.96938705444336,1min 32s
27-11-2025 11:02:31,10423,Artificial_Inteligence_Mapping,2.6,0.0,0.93,76.37998580932617,1min 16s
27-11-2025 11:02:31,10542,Browser_Module,11.5,0.0,0.31,57.33116030693054,57s
27-11-2025 11:02:37,14,Kernel_Scheduler_RCU,0.2,0.0,0,2445.506442785263,40min 46s
27-11-2025 11:02:37,21,Kernel_Core_Migration_Handler,0.2,0.0,0,2445.5126490592957,40min 46s
27-11-2025 11:02:37,23,Generic_System_Process,0.5,0.0,0,2445.5161786079407,40min 46s
27-11-2025 11:02:37,33,Generic_System_Process,0.2,0.0,0,2445.5094079971313,40min 46s
27-11-2025 11:02:37,51,Generic_System_Process,0.2,0.0,0,2445.5179591178894,40min 46s
27-11-2025 11:02:37,236,Generic_System_Process,0.2,0.0,0,2443.708021879196,40min 44s
27-11-2025 11:02:37,605,Generic_System_Process,0.2,0.0,0,2440.544022321701,40min 41s
27-11-2025 11:02:37,628,Kernel_Event_Worker_Unbound,0.3,0.0,0,2440.4062383174896,40min 40s
27-11-2025 11:02:37,799,HW_Interrupt_Driver_Wifi_Sensor,8.2,0.0,0,2439.9273750782013,40min 40s
27-11-2025 11:02:37,1038,Generic_System_Process,0.2,0.0,0,2439.0681796073914,40min 39s
27-11-2025 11:02:37,1142,Network_Discovery_Service,0.2,0.0,0,2438.769005060196,40min 39s
27-11-2025 11:02:37,1292,Generic_System_Process,0.2,0.0,0,2438.671651363373,40min 39s
27-11-2025 11:02:37,1327,Containerized_Environments_Mgr,0.2,0.0,0,2438.653190135956,40min 39s
27-11-2025 11:02:37,2507,SensorFusion_DB_Manager,1.0,0.0,0,2431.5251483917236,40min 32s
27-11-2025 11:02:37,3328,Vehicle_HMI_Display_Driver,10.4,0.0,5.55,2424.6168224811554,40min 25s
27-11-2025 11:02:37,3460,Autonomous_Navigation_System,13.1,0.0,34.05,2423.8883080482483,40min 24s
27-11-2025 11:02:37,4131,Browser_Module,23.2,0.0,398.03,2383.8368299007416,39min 44s
27-11-2025 11:02:37,4179,Browser_Module,17.8,0.0,32.28,2383.39000415802,39min 43s
27-11-2025 11:02:37,4193,Browser_Module,18.8,0.0,7.36,2383.3615176677704,39min 43s
27-11-2025 11:02:37,4459,Browser_Module,0.0,0.0,4.44,2366.442398548126,39min 26s
27-11-2025 11:02:37,4492,Browser_Module,0.0,0.0,0.05,2344.4333629608154,39min 4s
27-11-2025 11:02:37,4539,Browser_Module,0.0,0.0,4.09,2332.1040513515472,38min 52s
27-11-2025 11:02:37,4547,Browser_Module,0.0,0.0,0.6,2332.0248532295227,38min 52s
27-11-2025 11:02:37,4558,Browser_Module,0.0,0.0,45.56,2331.8856933116913,38min 52s
27-11-2025 11:02:37,4866,Browser_Module,0.0,0.0,6.18,1314.136634349823,21min 54s
27-11-2025 11:02:37,5098,Artificial_Inteligence_Translating,7.3,0.0,2187.47,1152.24760556221,19min 12s
27-11-2025 11:02:37,5211,Generic_System_Process,0.2,0.0,0.57,1145.3585851192474,19min 5s
27-11-2025 11:02:37,6185,Main_Control_Software,0.8,0.0,2.14,1038.749380350113,17min 19s
27-11-2025 11:02:37,6995,Browser_Module,0.0,0.0,0.13,847.5907363891602,14min 8s
27-11-2025 11:02:37,7008,Generic_System_Process,0.6,0.0,0,842.5614666938782,14min 3s
27-11-2025 11:02:37,7009,GPU_Buffer_Flip_Handler,0.8,0.0,0,842.3621003627777,14min 2s
27-11-2025 11:02:37,7298,Browser_Module,0.0,0.0,0.48,652.5827376842499,10min 53s
27-11-2025 11:02:37,7364,Generic_System_Process,0.2,0.0,0,585.3841018676758,9min 45s
27-11-2025 11:02:37,7657,Artificial_Inteligence_Constructing,0.0,0.0,96.77,531.394828081131,8min 51s
27-11-2025 11:02:37,7700,Artificial_Inteligence_Constructing,14.4,0.0,15.12,530.9857199192047,8min 51s
27-11-2025 11:02:37,7726,Artificial_Inteligence_Constructing,10.4,0.0,37.81,530.7763693332672,8min 51s
27-11-2025 11:02:37,7741,Artificial_Inteligence_Constructing,0.2,0.0,144.61,530.1369516849518,8min 50s
27-11-2025 11:02:37,7742,Artificial_Inteligence_Constructing,0.2,0.0,7.97,530.137508392334,8min 50s
27-11-2025 11:02:37,7766,Artificial_Inteligence_Constructing,0.2,0.0,45.43,530.0281269550323,8min 50s
27-11-2025 11:02:37,7817,Artificial_Inteligence_Constructing,0.0,0.0,0.86,528.3889989852905,8min 48s
27-11-2025 11:02:37,7950,Artificial_Inteligence_Constructing,0.8,0.0,1.08,526.5996520519257,8min 47s
27-11-2025 11:02:37,8685,Artificial_Inteligence_Constructing,0.0,0.0,27.93,522.6307601928711,8min 43s
27-11-2025 11:02:37,9716,Browser_Module,0.0,0.0,0.11,296.9723391532898,4min 57s
27-11-2025 11:02:37,9728,Browser_Module,0.2,0.0,0.8,293.93386483192444,4min 54s
27-11-2025 11:02:37,10323,Generic_System_Process,0.3,0.0,0,108.25514435768127,1min 48s
27-11-2025 11:02:37,10355,Artificial_Inteligence_Constructing,0.0,0.0,0.64,98.14731478691101,1min 38s
27-11-2025 11:02:37,10423,Artificial_Inteligence_Mapping,2.4,0.0,0.95,82.55801200866699,1min 23s
27-11-2025 11:02:37,10542,Browser_Module,43.4,0.0,0.65,63.508620738983154,1min 4s
27-11-2025 11:02:43,14,Kernel_Scheduler_RCU,0.2,0.0,0,2451.663504600525,40min 52s
27-11-2025 11:02:43,23,Kernel_Event_Worker_Core1,0.2,0.0,0,2451.6711027622223,40min 52s
27-11-2025 11:02:43,39,Generic_System_Process,0.2,0.0,0,2451.6688752174377,40min 52s
27-11-2025 11:02:43,57,Generic_System_Process,0.2,0.0,0,2451.667218208313,40min 52s
27-11-2025 11:02:43,143,Generic_System_Process,0.2,0.0,0,2450.950126886368,40min 51s
27-11-2025 11:02:43,250,HW_Interrupt_Driver_A,0.5,0.0,0,2449.844618320465,40min 50s
27-11-2025 11:02:43,628,Kernel_Event_Worker_Unbound,0.3,0.0,0,2446.5682804584503,40min 47s
27-11-2025 11:02:43,799,HW_Interrupt_Driver_Wifi_Sensor,1.3,0.0,0,2446.0897345542908,40min 46s
27-11-2025 11:02:43,1142,Network_Discovery_Service,0.6,0.0,0,2444.931636571884,40min 45s
27-11-2025 11:02:43,1189,Thermal_Management_Unit_Driver,0.5,0.0,0,2444.9135432243347,40min 45s
27-11-2025 11:02:43,1327,Containerized_Environments_Mgr,0.2,0.0,0,2444.8153336048126,40min 45s
27-11-2025 11:02:43,2507,SensorFusion_DB_Manager,1.3,0.0,0,2437.687110900879,40min 38s
27-11-2025 11:02:43,3321,InterProcess_Comms_Bus,0.2,0.0,0,2431.018463373184,40min 31s
27-11-2025 11:02:43,3328,Vehicle_HMI_Display_Driver,9.1,0.0,5.55,2430.7794868946075,40min 31s
27-11-2025 11:02:43,3460,Autonomous_Navigation_System,7.3,0.0,34.05,2430.050711631775,40min 30s
27-11-2025 11:02:43,4131,Browser_Module,7.8,0.0,398.54,2389.9954948425293,39min 50s
27-11-2025 11:02:43,4174,System_Integration_Layer,0.3,0.0,0.92,2389.55738902092,39min 50s
27-11-2025 11:02:43,4179,Browser_Module,14.3,0.0,32.42,2389.54834651947,39min 50s
27-11-2025 11:02:43,4193,Browser_Module,4.9,0.0,7.36,2389.519095659256,39min 50s
27-11-2025 11:02:43,4194,System_Integration_Layer_GTK,0.2,0.0,0.65,2389.5098185539246,39min 50s
27-11-2025 11:02:43,4459,Browser_Module,0.0,0.0,4.44,2372.6006071567535,39min 33s
27-11-2025 11:02:43,4492,Browser_Module,0.0,0.0,0.05,2350.591388463974,39min 11s
27-11-2025 11:02:43,4539,Browser_Module,0.0,0.0,4.09,2338.2620000839233,38min 58s
27-11-2025 11:02:43,4547,Browser_Module,0.0,0.0,0.6,2338.182560443878,38min 58s
27-11-2025 11:02:43,4558,Browser_Module,0.0,0.0,45.56,2338.043123960495,38min 58s
27-11-2025 11:02:43,4866,Browser_Module,0.0,0.0,6.18,1320.294031381607,22min 0s
27-11-2025 11:02:43,5098,Artificial_Inteligence_Translating,5.8,0.0,2187.49,1158.4052140712738,19min 18s
27-11-2025 11:02:43,6185,Main_Control_Software,0.6,0.0,2.16,1044.9065265655518,17min 25s
27-11-2025 11:02:43,6995,Browser_Module,0.0,0.0,0.13,853.7474892139435,14min 14s
27-11-2025 11:02:43,7008,Generic_System_Process,0.2,0.0,0,848.7182738780975,14min 9s
27-11-2025 11:02:43,7009,Generic_System_Process,0.3,0.0,0,848.5189702510834,14min 9s
27-11-2025 11:02:43,7298,Browser_Module,0.8,0.0,0.48,658.7395641803741,10min 59s
27-11-2025 11:02:43,7657,Artificial_Inteligence_Constructing,0.0,0.0,96.77,537.5504603385925,8min 58s
27-11-2025 11:02:43,7700,Artificial_Inteligence_Constructing,12.8,0.0,15.12,537.141345500946,8min 57s
27-11-2025 11:02:43,7726,Artificial_Inteligence_Constructing,9.1,0.0,37.81,536.9319839477539,8min 57s
27-11-2025 11:02:43,7741,Artificial_Inteligence_Constructing,0.0,0.0,144.61,536.2926158905029,8min 56s
27-11-2025 11:02:43,7742,Artificial_Inteligence_Constructing,0.2,0.0,7.97,536.2932364940643,8min 56s
27-11-2025 11:02:43,7766,Artificial_Inteligence_Constructing,0.2,0.0,45.43,536.1847965717316,8min 56s
27-11-2025 11:02:43,7817,Artificial_Inteligence_Constructing,0.0,0.0,0.86,534.546061038971,8min 55s
27-11-2025 11:02:43,7950,Artificial_Inteligence_Constructing,1.1,0.0,1.08,532.7570497989655,8min 53s
27-11-2025 11:02:43,8685,Artificial_Inteligence_Constructing,0.0,0.0,27.93,528.7882580757141,8min 49s
27-11-2025 11:02:43,9716,Browser_Module,0.0,0.0,0.11,303.129390001297,5min 3s
27-11-2025 11:02:43,9728,Browser_Module,0.0,0.0,0.8,300.09007716178894,5min 0s
27-11-2025 11:02:43,10355,Artificial_Inteligence_Constructing,0.0,0.0,0.64,104.30088949203491,1min 44s
27-11-2025 11:02:43,10423,Artificial_Inteligence_Mapping,2.0,0.0,0.96,88.71182370185852,1min 29s
27-11-2025 11:02:43,10542,Browser_Module,25.7,0.0,0.65,69.66264390945435,1min 10s
27-11-2025 11:02:49,14,Kernel_Scheduler_RCU,0.2,0.0,0,2457.8205835819244,40min 58s
27-11-2025 11:02:49,21,Kernel_Core_Migration_Handler,0.2,0.0,0,2457.8269906044006,40min 58s
27-11-2025 11:02:49,23,Kernel_Event_Worker_Core1,0.2,0.0,0,2457.8313715457916,40min 58s
27-11-2025 11:02:49,58,Generic_System_Process,0.2,0.0,0,2457.823710203171,40min 58s
27-11-2025 11:02:49,250,HW_Interrupt_Driver_A,1.5,0.0,0,2455.9996016025543,40min 56s
27-11-2025 11:02:49,628,Generic_System_Process,0.2,0.0,0,2452.7252435684204,40min 53s
27-11-2025 11:02:49,799,HW_Interrupt_Driver_Wifi_Sensor,0.8,0.0,0,2452.2472562789917,40min 52s
27-11-2025 11:02:49,1142,Network_Discovery_Service,0.2,0.0,0,2451.0896213054657,40min 51s
27-11-2025 11:02:49,1150,Generic_System_Process,0.6,0.0,0,2451.0909564495087,40min 51s
27-11-2025 11:02:49,1189,Thermal_Management_Unit_Driver,0.2,0.0,0,2451.0735585689545,40min 51s
27-11-2025 11:02:49,1327,Containerized_Environments_Mgr,0.2,0.0,0,2450.9758534431458,40min 51s
27-11-2025 11:02:49,2507,SensorFusion_DB_Manager,1.1,0.0,0,2443.8478627204895,40min 44s
27-11-2025 11:02:49,3328,Vehicle_HMI_Display_Driver,6.2,0.0,5.55,2436.9394788742065,40min 37s
27-11-2025 11:02:49,3431,InterProcess_Comms_Bus,0.2,0.0,0,2436.351231575012,40min 36s
27-11-2025 11:02:49,3460,Autonomous_Navigation_System,1.0,0.0,34.05,2436.212066411972,40min 36s
27-11-2025 11:02:49,4131,Browser_Module,3.1,0.0,398.64,2396.156437397003,39min 56s
27-11-2025 11:02:49,4174,System_Integration_Layer,0.2,0.0,0.92,2395.717749118805,39min 56s
27-11-2025 11:02:49,4179,Browser_Module,1.6,0.0,32.42,2395.708687067032,39min 56s
27-11-2025 11:02:49,4193,Browser_Module,0.0,0.0,7.36,2395.6795015335083,39min 56s
27-11-2025 11:02:49,4459,Browser_Module,0.0,0.0,4.44,2378.760791540146,39min 39s
27-11-2025 11:02:49,4492,Browser_Module,0.0,0.0,0.05,2356.752152442932,39min 17s
27-11-2025 11:02:49,4539,Browser_Module,0.0,0.0,4.09,2344.4229679107666,39min 4s
27-11-2025 11:02:49,4547,Browser_Module,0.2,0.0,0.6,2344.3435592651367,39min 4s
27-11-2025 11:02:49,4558,Browser_Module,0.0,0.0,45.56,2344.2040972709656,39min 4s
27-11-2025 11:02:49,4866,Browser_Module,0.2,0.0,6.18,1326.4548394680023,22min 6s
27-11-2025 11:02:49,5098,Artificial_Inteligence_Translating,5.8,0.0,2187.51,1164.5657680034637,19min 25s
27-11-2025 11:02:49,6185,Main_Control_Software,0.8,0.0,2.17,1051.0667300224304,17min 31s
27-11-2025 11:02:49,6842,Generic_System_Process,0.2,0.0,0,892.5677511692047,14min 53s
27-11-2025 11:02:49,6995,Browser_Module,0.0,0.0,0.13,859.9083368778229,14min 20s
27-11-2025 11:02:49,7008,Generic_System_Process,0.2,0.0,0,854.8789653778076,14min 15s
27-11-2025 11:02:49,7298,Browser_Module,0.2,0.0,0.48,664.8998219966888,11min 5s
27-11-2025 11:02:49,7657,Artificial_Inteligence_Constructing,0.3,0.0,96.77,543.7107362747192,9min 4s
27-11-2025 11:02:49,7700,Artificial_Inteligence_Constructing,12.7,0.0,15.12,543.301643371582,9min 3s
27-11-2025 11:02:49,7726,Artificial_Inteligence_Constructing,8.6,0.0,37.81,543.0923926830292,9min 3s
27-11-2025 11:02:49,7741,Artificial_Inteligence_Constructing,0.0,0.0,144.61,542.4529728889465,9min 2s
27-11-2025 11:02:49,7742,Artificial_Inteligence_Constructing,0.5,0.0,7.97,542.4535343647003,9min 2s
27-11-2025 11:02:49,7766,Artificial_Inteligence_Constructing,0.2,0.0,45.43,542.3441300392151,9min 2s
27-11-2025 11:02:49,7817,Artificial_Inteligence_Constructing,0.0,0.0,0.86,540.7047579288483,9min 1s
27-11-2025 11:02:49,7950,Artificial_Inteligence_Constructing,1.1,0.0,1.08,538.915491104126,8min 59s
27-11-2025 11:02:49,8685,Artificial_Inteligence_Constructing,0.2,0.0,27.93,534.9464552402496,8min 55s
27-11-2025 11:02:49,9716,Browser_Module,0.0,0.0,0.11,309.28729462623596,5min 9s
27-11-2025 11:02:49,9728,Browser_Module,0.0,0.0,0.8,306.2478528022766,5min 6s
27-11-2025 11:02:49,10355,Artificial_Inteligence_Constructing,0.0,0.0,0.64,110.45858836174011,1min 50s
27-11-2025 11:02:49,10423,Artificial_Inteligence_Mapping,2.3,0.0,0.97,94.86914300918579,1min 35s
27-11-2025 11:02:49,10542,Browser_Module,15.8,0.0,0.65,75.81967568397522,1min 16s
27-11-2025 11:02:55,33,Generic_System_Process,0.2,0.0,0,2463.973171710968,41min 4s
27-11-2025 11:02:55,45,Generic_System_Process,0.2,0.0,0,2463.9808826446533,41min 4s
27-11-2025 11:02:55,57,Generic_System_Process,0.2,0.0,0,2463.9788706302643,41min 4s
27-11-2025 11:02:55,250,HW_Interrupt_Driver_A,2.1,0.0,0,2462.1578102111816,41min 2s
27-11-2025 11:02:55,799,HW_Interrupt_Driver_Wifi_Sensor,0.8,0.0,0,2458.4057104587555,40min 58s
27-11-2025 11:02:55,1142,Network_Discovery_Service,0.5,0.0,0,2457.2489442825317,40min 57s
27-11-2025 11:02:55,1189,Thermal_Management_Unit_Driver,0.3,0.0,0,2457.2335860729218,40min 57s
27-11-2025 11:02:55,1327,Containerized_Environments_Mgr,0.2,0.0,0,2457.1362929344177,40min 57s
27-11-2025 11:02:55,2507,SensorFusion_DB_Manager,1.0,0.0,0,2450.0090935230255,40min 50s
27-11-2025 11:02:55,3321,InterProcess_Comms_Bus,0.3,0.0,0,2443.341108560562,40min 43s
27-11-2025 11:02:55,3328,Vehicle_HMI_Display_Driver,7.1,0.0,5.55,2443.1022772789,40min 43s
27-11-2025 11:02:55,3460,Autonomous_Navigation_System,2.9,0.0,34.05,2442.373524427414,40min 42s
27-11-2025 11:02:55,3638,Generic_System_Process,0.2,0.0,0.25,2441.4060559272766,40min 41s
27-11-2025 11:02:55,4131,Browser_Module,4.4,0.0,398.9,2402.3193831443787,40min 2s
27-11-2025 11:02:55,4174,System_Integration_Layer,0.2,0.0,0.92,2401.8807334899902,40min 2s
27-11-2025 11:02:55,4179,Browser_Module,2.6,0.0,32.42,2401.871708869934,40min 2s
27-11-2025 11:02:55,4193,Browser_Module,0.0,0.0,7.36,2401.842343568802,40min 2s
27-11-2025 11:02:55,4194,System_Integration_Layer_GTK,0.2,0.0,0.65,2401.8328986167908,40min 2s
27-11-2025 11:02:55,4209,Browser_Module,0.2,0.0,0.79,2401.7334673404694,40min 2s
27-11-2025 11:02:55,4459,Browser_Module,0.0,0.0,4.44,2384.9240550994873,39min 45s
27-11-2025 11:02:55,4492,Browser_Module,0.0,0.0,0.05,2362.914853334427,39min 23s
27-11-2025 11:02:55,4539,Browser_Module,0.0,0.0,4.09,2350.585508823395,39min 11s
27-11-2025 11:02:55,4547,Browser_Module,0.0,0.0,0.6,2350.506241798401,39min 11s
27-11-2025 11:02:55,4558,Browser_Module,0.0,0.0,45.56,2350.366750240326,39min 10s
27-11-2025 11:02:55,4866,Browser_Module,0.0,0.0,6.18,1332.6174535751343,22min 13s
27-11-2025 11:02:55,4951,Generic_System_Process,0.2,0.0,0,1175.9280848503113,19min 36s
27-11-2025 11:02:55,5098,Artificial_Inteligence_Translating,4.5,0.0,2187.53,1170.7287378311157,19min 31s
27-11-2025 11:02:55,6185,Main_Control_Software,0.6,0.0,2.18,1057.2293424606323,17min 37s
27-11-2025 11:02:55,6995,Browser_Module,0.0,0.0,0.13,866.0703115463257,14min 26s
27-11-2025 11:02:55,7008,Generic_System_Process,0.2,0.0,0,861.041079044342,14min 21s
27-11-2025 11:02:55,7298,Browser_Module,0.0,0.0,0.48,671.0617685317993,11min 11s
27-11-2025 11:02:55,7657,Artificial_Inteligence_Constructing,0.0,0.0,96.77,549.8727014064789,9min 10s
27-11-2025 11:02:55,7700,Artificial_Inteligence_Constructing,11.7,0.0,15.12,549.4636280536652,9min 9s
27-11-2025 11:02:55,7726,Artificial_Inteligence_Constructing,8.1,0.0,37.81,549.2544186115265,9min 9s
27-11-2025 11:02:55,7741,Artificial_Inteligence_Constructing,0.0,0.0,144.61,548.6150903701782,9min 9s
27-11-2025 11:02:55,7742,Artificial_Inteligence_Constructing,0.2,0.0,7.97,548.6156415939331,9min 9s
27-11-2025 11:02:55,7766,Artificial_Inteligence_Constructing,0.2,0.0,45.43,548.5061786174774,9min 9s
27-11-2025 11:02:55,7817,Artificial_Inteligence_Constructing,0.0,0.0,0.86,546.8667783737183,9min 7s
27-11-2025 11:02:55,7950,Artificial_Inteligence_Constructing,0.6,0.0,1.08,545.0774719715118,9min 5s
27-11-2025 11:02:55,8685,Artificial_Inteligence_Constructing,0.0,0.0,27.93,541.1082754135132,9min 1s
27-11-2025 11:02:55,9716,Browser_Module,0.0,0.0,0.11,315.4490201473236,5min 15s
27-11-2025 11:02:55,9728,Browser_Module,0.0,0.0,0.8,312.4095492362976,5min 12s
27-11-2025 11:02:55,10355,Artificial_Inteligence_Constructing,0.0,0.0,0.64,116.62028408050537,1min 57s
27-11-2025 11:02:55,10423,Artificial_Inteligence_Mapping,2.3,0.0,0.98,101.03082251548767,1min 41s
27-11-2025 11:02:55,10542,Browser_Module,11.0,0.0,0.65,81.98147416114807,1min 22s
27-11-2025 11:03:02,14,Kernel_Scheduler_RCU,0.2,0.0,0,2470.1447649002075,41min 10s
27-11-2025 11:03:02,15,Generic_System_Process,0.2,0.0,0,2470.149393796921,41min 10s
27-11-2025 11:03:02,23,Kernel_Event_Worker_Core1,0.2,0.0,0,2470.1568520069122,41min 10s
27-11-2025 11:03:02,51,Generic_System_Process,0.2,0.0,0,2470.1632890701294,41min 10s
27-11-2025 11:03:02,67,Generic_System_Process,0.2,0.0,0,2470.1637246608734,41min 10s
27-11-2025 11:03:02,250,HW_Interrupt_Driver_A,2.6,0.0,0,2468.3355057239532,41min 8s
27-11-2025 11:03:02,799,HW_Interrupt_Driver_Wifi_Sensor,0.8,0.0,0,2464.5821816921234,41min 5s
27-11-2025 11:03:02,1142,Network_Discovery_Service,0.3,0.0,0,2463.4240324497223,41min 3s
27-11-2025 11:03:02,1327,Containerized_Environments_Mgr,0.2,0.0,0,2463.3073554039,41min 3s
27-11-2025 11:03:02,2345,Generic_System_Process,0.2,0.0,0,2456.2502546310425,40min 56s
27-11-2025 11:03:02,2507,SensorFusion_DB_Manager,1.1,0.0,0,2456.1818392276764,40min 56s
27-11-2025 11:03:02,3328,Vehicle_HMI_Display_Driver,7.0,0.0,5.55,2449.273049592972,40min 49s
27-11-2025 11:03:02,3431,InterProcess_Comms_Bus,0.2,0.0,0,2448.6840245723724,40min 49s
27-11-2025 11:03:02,3460,Autonomous_Navigation_System,1.5,0.0,34.05,2448.5464267730713,40min 49s
27-11-2025 11:03:02,3520,Accessibility_Feature_Service,0.2,0.0,0,2447.9785599708557,40min 48s
27-11-2025 11:03:02,4131,Browser_Module,2.8,0.0,399.04,2408.4977192878723,40min 8s
27-11-2025 11:03:02,4179,Browser_Module,2.4,0.0,32.42,2408.0506970882416,40min 8s
27-11-2025 11:03:02,4193,Browser_Module,0.0,0.0,7.36,2408.022781610489,40min 8s
27-11-2025 11:03:02,4459,Browser_Module,0.0,0.0,4.44,2391.1037611961365,39min 51s
27-11-2025 11:03:02,4492,Browser_Module,0.0,0.0,0.05,2369.094582080841,39min 29s
27-11-2025 11:03:02,4539,Browser_Module,0.0,0.0,4.09,2356.7651500701904,39min 17s
27-11-2025 11:03:02,4547,Browser_Module,0.0,0.0,0.6,2356.6858394145966,39min 17s
27-11-2025 11:03:02,4558,Browser_Module,0.0,0.0,45.56,2356.5463812351227,39min 17s
27-11-2025 11:03:02,4866,Browser_Module,0.0,0.0,6.18,1338.7971246242523,22min 19s
27-11-2025 11:03:02,4951,Generic_System_Process,0.2,0.0,0,1182.1077771186829,19min 42s
27-11-2025 11:03:02,5098,Artificial_Inteligence_Translating,4.7,0.0,2187.54,1176.908435344696,19min 37s
27-11-2025 11:03:02,6185,Main_Control_Software,0.6,0.0,2.19,1063.4090785980225,17min 43s
27-11-2025 11:03:02,6842,Generic_System_Process,0.2,0.0,0,904.909853219986,15min 5s
27-11-2025 11:03:02,6995,Browser_Module,0.0,0.0,0.13,872.2504377365112,14min 32s
27-11-2025 11:03:02,7298,Browser_Module,0.0,0.0,0.48,677.2412004470825,11min 17s
27-11-2025 11:03:02,7657,Artificial_Inteligence_Constructing,0.2,0.0,96.77,556.052145242691,9min 16s
27-11-2025 11:03:02,7700,Artificial_Inteligence_Constructing,11.7,0.0,15.12,555.6431050300598,9min 16s
27-11-2025 11:03:02,7726,Artificial_Inteligence_Constructing,8.3,0.0,37.81,555.4338052272797,9min 15s
27-11-2025 11:03:02,7741,Artificial_Inteligence_Constructing,0.0,0.0,144.61,554.7943592071533,9min 15s
27-11-2025 11:03:02,7742,Artificial_Inteligence_Constructing,0.2,0.0,7.97,554.7949106693268,9min 15s
27-11-2025 11:03:02,7766,Artificial_Inteligence_Constructing,0.2,0.0,45.43,554.6854565143585,9min 15s
27-11-2025 11:03:02,7817,Artificial_Inteligence_Constructing,0.0,0.0,0.86,553.0460805892944,9min 13s
27-11-2025 11:03:02,7950,Artificial_Inteligence_Constructing,0.8,0.0,1.08,551.2566304206848,9min 11s
27-11-2025 11:03:02,8685,Artificial_Inteligence_Constructing,0.0,0.0,27.93,547.2873091697693,9min 7s
27-11-2025 11:03:02,9716,Browser_Module,0.0,0.0,0.11,321.6280391216278,5min 22s
27-11-2025 11:03:02,9728,Browser_Module,0.0,0.0,0.8,318.5886278152466,5min 19s
27-11-2025 11:03:02,10355,Artificial_Inteligence_Constructing,0.2,0.0,0.64,122.79949188232422,2min 3s
27-11-2025 11:03:02,10423,Artificial_Inteligence_Mapping,2.4,0.0,0.99,107.21018958091736,1min 47s
27-11-2025 11:03:02,10542,Browser_Module,5.5,0.0,0.65,88.16074013710022,1min 28s
27-11-2025 11:03:08,14,Kernel_Scheduler_RCU,0.2,0.0,0,2476.316401720047,41min 16s
27-11-2025 11:03:08,23,Kernel_Event_Worker_Core1,0.2,0.0,0,2476.324231863022,41min 16s
27-11-2025 11:03:08,250,HW_Interrupt_Driver_A,1.6,0.0,0,2474.4945142269135,41min 14s
27-11-2025 11:03:08,799,HW_Interrupt_Driver_Wifi_Sensor,1.5,0.0,0,2470.7424051761627,41min 11s
27-11-2025 11:03:08,1142,Network_Discovery_Service,0.5,0.0,0,2469.5865149497986,41min 10s
27-11-2025 11:03:08,1189,Thermal_Management_Unit_Driver,0.5,0.0,0,2469.570683479309,41min 10s
27-11-2025 11:03:08,1327,Containerized_Environments_Mgr,0.2,0.0,0,2469.474447250366,41min 9s
27-11-2025 11:03:08,2507,SensorFusion_DB_Manager,1.0,0.0,0,2462.347474336624,41min 2s
27-11-2025 11:03:08,3328,Vehicle_HMI_Display_Driver,9.1,0.0,5.55,2455.4393315315247,40min 55s
27-11-2025 11:03:08,3460,Autonomous_Navigation_System,4.9,0.0,34.05,2454.7116935253143,40min 55s
27-11-2025 11:03:08,4131,Browser_Module,7.1,0.0,399.44,2414.656398296356,40min 15s
27-11-2025 11:03:08,4174,System_Integration_Layer,0.2,0.0,0.92,2414.2192482948303,40min 14s
27-11-2025 11:03:08,4179,Browser_Module,7.0,0.0,32.45,2414.2103724479675,40min 14s
27-11-2025 11:03:08,4193,Browser_Module,2.9,0.0,7.36,2414.1813905239105,40min 14s
27-11-2025 11:03:08,4194,System_Integration_Layer_GTK,0.2,0.0,0.65,2414.1721518039703,40min 14s
27-11-2025 11:03:08,4459,Browser_Module,0.0,0.0,4.44,2397.262793779373,39min 57s
27-11-2025 11:03:08,4492,Browser_Module,0.0,0.0,0.05,2375.253500699997,39min 35s
27-11-2025 11:03:08,4539,Browser_Module,0.2,0.0,4.09,2362.924065351486,39min 23s
27-11-2025 11:03:08,4547,Browser_Module,0.0,0.0,0.6,2362.8447465896606,39min 23s
27-11-2025 11:03:08,4558,Browser_Module,0.0,0.0,45.56,2362.705465078354,39min 23s
27-11-2025 11:03:08,4866,Browser_Module,0.0,0.0,6.18,1344.9569823741913,22min 25s
27-11-2025 11:03:08,4951,GPU_Display_Driver_Kernel_I915,0.2,0.0,0,1188.26784324646,19min 48s
27-11-2025 11:03:08,5098,Artificial_Inteligence_Translating,5.0,0.0,2187.57,1183.068528175354,19min 43s
27-11-2025 11:03:08,6185,Main_Control_Software,0.6,0.0,2.2,1069.5691888332367,17min 50s
27-11-2025 11:03:08,6995,Browser_Module,0.0,0.0,0.13,878.4100530147552,14min 38s
27-11-2025 11:03:08,7008,Generic_System_Process,0.2,0.0,0,873.3806383609772,14min 33s
27-11-2025 11:03:08,7009,Generic_System_Process,0.2,0.0,0,873.1813633441925,14min 33s
27-11-2025 11:03:08,7298,Browser_Module,0.0,0.0,0.48,683.4021329879761,11min 23s
27-11-2025 11:03:08,7657,Artificial_Inteligence_Constructing,0.2,0.0,96.77,562.2131593227386,9min 22s
27-11-2025 11:03:08,7700,Artificial_Inteligence_Constructing,12.3,0.0,15.12,561.8042311668396,9min 22s
27-11-2025 11:03:08,7726,Artificial_Inteligence_Constructing,8.4,0.0,37.81,561.5954344272614,9min 22s
27-11-2025 11:03:08,7741,Artificial_Inteligence_Constructing,0.0,0.0,144.61,560.9560420513153,9min 21s
27-11-2025 11:03:08,7742,Artificial_Inteligence_Constructing,0.2,0.0,7.97,560.9566030502319,9min 21s
27-11-2025 11:03:08,7766,Artificial_Inteligence_Constructing,0.2,0.0,45.43,560.8471434116364,9min 21s
27-11-2025 11:03:08,7817,Artificial_Inteligence_Constructing,0.0,0.0,0.86,559.2078382968903,9min 19s
27-11-2025 11:03:08,7950,Artificial_Inteligence_Constructing,0.8,0.0,1.08,557.4185047149658,9min 17s
27-11-2025 11:03:08,8685,Artificial_Inteligence_Constructing,6.2,0.0,27.93,553.4493403434753,9min 13s
27-11-2025 11:03:08,9716,Browser_Module,0.0,0.0,0.11,327.7901074886322,5min 28s
27-11-2025 11:03:08,9728,Browser_Module,0.0,0.0,0.8,324.75064969062805,5min 25s
27-11-2025 11:03:08,10323,Generic_System_Process,0.2,0.0,0,139.0713176727295,2min 19s
27-11-2025 11:03:08,10355,Artificial_Inteligence_Constructing,0.0,0.0,0.64,128.9620382785797,2min 9s
27-11-2025 11:03:08,10423,Artificial_Inteligence_Mapping,2.3,0.0,1,113.37288618087769,1min 53s
27-11-2025 11:03:08,10542,Browser_Module,32.1,0.0,0.65,94.32343530654907,1min 34s
27-11-2025 11:03:14,14,Kernel_Scheduler_RCU,0.2,0.0,0,2482.4810214042664,41min 22s
27-11-2025 11:03:14,21,Kernel_Core_Migration_Handler,0.2,0.0,0,2482.4883518218994,41min 22s
27-11-2025 11:03:14,22,Generic_System_Process,0.2,0.0,0,2482.4924550056458,41min 22s
27-11-2025 11:03:14,23,Kernel_Event_Worker_Core1,0.2,0.0,0,2482.495330810547,41min 22s
27-11-2025 11:03:14,39,Generic_System_Process,0.2,0.0,0,2482.4933371543884,41min 22s
27-11-2025 11:03:14,57,Generic_System_Process,0.2,0.0,0,2482.493847846985,41min 22s
27-11-2025 11:03:14,58,Generic_System_Process,0.2,0.0,0,2482.497050046921,41min 22s
27-11-2025 11:03:14,250,HW_Interrupt_Driver_A,1.9,0.0,0,2480.6659636497498,41min 21s
27-11-2025 11:03:14,799,HW_Interrupt_Driver_Wifi_Sensor,1.1,0.0,0,2476.9105246067047,41min 17s
27-11-2025 11:03:14,1142,Network_Discovery_Service,0.3,0.0,0,2475.7523760795593,41min 16s
27-11-2025 11:03:14,1147,InterProcess_Comms_Bus,0.3,0.0,0,2475.7534856796265,41min 16s
27-11-2025 11:03:14,1150,Generic_System_Process,0.3,0.0,0,2475.7547850608826,41min 16s
27-11-2025 11:03:14,1189,Thermal_Management_Unit_Driver,0.2,0.0,0,2475.7367086410522,41min 16s
27-11-2025 11:03:14,1197,Generic_System_Process,0.2,0.0,0,2475.7279300689697,41min 16s
27-11-2025 11:03:14,1327,Containerized_Environments_Mgr,0.2,0.0,0,2475.639157295227,41min 16s
27-11-2025 11:03:14,2507,SensorFusion_DB_Manager,1.0,0.0,0,2468.5107550621033,41min 9s
27-11-2025 11:03:14,3321,InterProcess_Comms_Bus,0.2,0.0,0,2461.8420243263245,41min 2s
27-11-2025 11:03:14,3328,Vehicle_HMI_Display_Driver,8.8,0.0,5.55,2461.603447675705,41min 2s
27-11-2025 11:03:14,3460,Autonomous_Navigation_System,4.1,0.0,34.05,2460.8746292591095,41min 1s
27-11-2025 11:03:14,3654,Generic_System_Process,0.2,0.0,0.42,2459.8981432914734,41min 0s
27-11-2025 11:03:14,4131,Browser_Module,4.4,0.0,399.68,2420.819812297821,40min 21s
27-11-2025 11:03:14,4174,System_Integration_Layer,0.2,0.0,0.92,2420.381523370743,40min 20s
27-11-2025 11:03:14,4179,Browser_Module,6.5,0.0,32.45,2420.372350692749,40min 20s
27-11-2025 11:03:14,4193,Browser_Module,0.2,0.0,7.36,2420.3432352542877,40min 20s
27-11-2025 11:03:14,4459,Browser_Module,0.0,0.0,4.44,2403.424033641815,40min 3s
27-11-2025 11:03:14,4492,Browser_Module,0.0,0.0,0.05,2381.415106534958,39min 41s
27-11-2025 11:03:14,4539,Browser_Module,0.0,0.0,4.09,2369.0857729911804,39min 29s
27-11-2025 11:03:14,4547,Browser_Module,0.0,0.0,0.6,2369.0064055919647,39min 29s
27-11-2025 11:03:14,4558,Browser_Module,0.0,0.0,45.56,2368.8669486045837,39min 29s
27-11-2025 11:03:14,4800,Generic_System_Process,0.2,0.0,0,1580.767602443695,26min 21s
27-11-2025 11:03:14,4866,Browser_Module,0.0,0.0,6.18,1351.1181643009186,22min 31s
27-11-2025 11:03:14,4951,Generic_System_Process,0.2,0.0,0,1194.429010629654,19min 54s
27-11-2025 11:03:14,5098,Artificial_Inteligence_Translating,5.0,0.0,2187.59,1189.23002243042,19min 49s
27-11-2025 11:03:14,6185,Main_Control_Software,1.0,0.0,2.21,1075.7307150363922,17min 56s
27-11-2025 11:03:14,6995,Browser_Module,0.0,0.0,0.13,884.5715835094452,14min 45s
27-11-2025 11:03:14,7008,Generic_System_Process,0.2,0.0,0,879.5422143936157,14min 40s
27-11-2025 11:03:14,7298,Browser_Module,0.0,0.0,0.48,689.5628921985626,11min 30s
27-11-2025 11:03:14,7364,Generic_System_Process,0.2,0.0,0,622.3640208244324,10min 22s
27-11-2025 11:03:14,7657,Artificial_Inteligence_Constructing,0.0,0.0,96.77,568.3750123977661,9min 28s
27-11-2025 11:03:14,7700,Artificial_Inteligence_Constructing,12.2,0.0,15.12,567.9658975601196,9min 28s
27-11-2025 11:03:14,7726,Artificial_Inteligence_Constructing,8.4,0.0,37.81,567.7565710544586,9min 28s
27-11-2025 11:03:14,7741,Artificial_Inteligence_Constructing,0.0,0.0,144.61,567.1173293590546,9min 27s
27-11-2025 11:03:14,7742,Artificial_Inteligence_Constructing,0.2,0.0,7.97,567.118170261383,9min 27s
27-11-2025 11:03:14,7766,Artificial_Inteligence_Constructing,0.2,0.0,45.43,567.0087141990662,9min 27s
27-11-2025 11:03:14,7817,Artificial_Inteligence_Constructing,0.0,0.0,0.86,565.369357585907,9min 25s
27-11-2025 11:03:14,7950,Artificial_Inteligence_Constructing,1.3,0.0,1.08,563.5798969268799,9min 24s
27-11-2025 11:03:14,8685,Artificial_Inteligence_Constructing,0.0,0.0,27.93,559.6106495857239,9min 20s
27-11-2025 11:03:14,9716,Browser_Module,0.0,0.0,0.11,333.9513702392578,5min 34s
27-11-2025 11:03:14,9728,Browser_Module,0.0,0.0,0.8,330.9120280742645,5min 31s
27-11-2025 11:03:14,10323,Generic_System_Process,0.2,0.0,0,145.23267555236816,2min 25s
27-11-2025 11:03:14,10355,Artificial_Inteligence_Constructing,0.0,0.0,0.64,135.12322402000427,2min 15s
27-11-2025 11:03:14,10423,Artificial_Inteligence_Mapping,2.1,0.0,1.01,119.53376889228821,2min 0s
27-11-2025 11:03:14,10542,Browser_Module,18.5,0.0,0.65,100.4842917919159,1min 40s
