Timestamp,Pid,Nome,Cpu,TotalRAM,Ram,TempoVida,BytesLidos,BytesEscritos
27-11-2025 11:01:17,2507,mysqld,0.0,7.44,0.0,2351.20299744606,0,0
27-11-2025 11:01:17,3328,Xorg,0.0,7.44,0.0,2344.2955033779144,5705728,110592
27-11-2025 11:01:17,3460,gnome-shell,0.0,7.44,0.0,2343.567267179489,35077120,622592
27-11-2025 11:01:17,4131,chrome,0.0,7.44,0.0,2303.512227296829,293257216,118243328
27-11-2025 11:01:17,4179,chrome,0.0,7.44,0.0,2303.0635299682617,33800192,32768
27-11-2025 11:01:17,4193,chrome,0.0,7.44,0.0,2303.0342717170715,6983680,733184
27-11-2025 11:01:17,4459,chrome,0.0,7.44,0.0,2286.1150126457214,4657152,0
27-11-2025 11:01:17,4492,chrome,0.0,7.44,0.0,2264.1057801246643,53248,0
27-11-2025 11:01:17,4539,chrome,0.0,7.44,0.0,2251.776323080063,4268032,0
27-11-2025 11:01:17,4547,chrome,0.0,7.44,0.0,2251.696876525879,630784,0
27-11-2025 11:01:17,4558,chrome,0.0,7.44,0.0,2251.557410478592,47771648,0
27-11-2025 11:01:17,4866,chrome,0.0,7.44,0.0,1233.808275938034,6475776,0
27-11-2025 11:01:17,5098,idea,0.0,7.44,0.0,1071.919188261032,2246870016,46112768
27-11-2025 11:01:17,6185,java,0.0,7.44,0.0,958.4198744297028,0,2101248
27-11-2025 11:01:17,6995,chrome,0.0,7.44,0.0,767.2607409954071,139264,0
27-11-2025 11:01:17,7298,chrome,0.0,7.44,0.0,572.251528263092,503808,0
27-11-2025 11:01:17,7657,code,0.0,7.44,0.0,451.06266379356384,92975104,8388608
27-11-2025 11:01:17,7700,code,0.0,7.44,0.0,450.6539273262024,15847424,8192
27-11-2025 11:01:17,7726,code,0.0,7.44,0.0,450.44463777542114,39522304,126976
27-11-2025 11:01:17,7741,code,0.0,7.44,0.0,449.80520462989807,39145472,112488448
27-11-2025 11:01:17,7742,code,0.0,7.44,0.0,449.80586981773376,8355840,0
27-11-2025 11:01:17,7766,code,0.0,7.44,0.0,449.69640493392944,46866432,765952
27-11-2025 11:01:17,7817,code,0.0,7.44,0.0,448.0570261478424,897024,0
27-11-2025 11:01:17,7950,code,0.0,7.44,0.0,446.2675759792328,1130496,0
27-11-2025 11:01:17,8685,code,0.0,7.44,0.0,442.29831290245056,29069312,217088
27-11-2025 11:01:17,9716,chrome,0.0,7.44,0.0,216.63907504081726,114688,0
27-11-2025 11:01:17,9728,chrome,0.0,7.44,0.0,213.59962224960327,704512,0
27-11-2025 11:01:17,10355,code,0.0,7.44,0.0,17.810508728027344,671744,0
27-11-2025 11:01:17,10423,python,0.0,7.44,0.0,2.2211287021636963,827392,8192
27-11-2025 11:01:23,14,rcu_sched,0.2,7.44,0.0,2371.3304834365845,0,0
27-11-2025 11:01:23,21,migration/1,0.2,7.44,0.0,2371.334864616394,0,0
27-11-2025 11:01:23,23,kworker/1:0-events,0.3,7.44,0.0,2371.3379900455475,0,0
27-11-2025 11:01:23,57,migration/7,0.2,7.44,0.0,2371.337629556656,0,0
27-11-2025 11:01:23,130,kswapd0,0.2,7.44,0.0,2370.7961485385895,0,0
27-11-2025 11:01:23,250,irq/135-VEN_04F,2.1,7.44,0.0,2369.512041568756,0,0
27-11-2025 11:01:23,628,kworker/u16:8-events_unbound,0.3,7.44,0.0,2366.2356271743774,0,0
27-11-2025 11:01:23,799,irq/140-rtw88_p,0.7,7.44,0.0,2365.757353782654,0,0
27-11-2025 11:01:23,1142,avahi-daemon,0.2,7.44,0.0,2364.599446296692,0,0
27-11-2025 11:01:23,1189,thermald,0.2,7.44,0.0,2364.582211256027,0,0
27-11-2025 11:01:23,1292,kworker/3:4-events,0.2,7.44,0.0,2364.5046241283417,0,0
27-11-2025 11:01:23,1327,containerd,0.2,7.44,0.0,2364.4859342575073,0,0
27-11-2025 11:01:23,2507,mysqld,1.1,7.44,0.0,2357.3593785762787,0,0
27-11-2025 11:01:23,3321,dbus-daemon,0.2,7.44,0.0,2350.69198513031,0,0
27-11-2025 11:01:23,3328,Xorg,11.2,7.44,0.0,2350.454307794571,5705728,110592
27-11-2025 11:01:23,3460,gnome-shell,12.0,7.44,0.0,2349.727142095566,35077120,622592
27-11-2025 11:01:23,3520,at-spi2-registryd,0.2,7.44,0.0,2349.159519672394,0,0
27-11-2025 11:01:23,4131,chrome,0.0,7.44,0.0,2309.676519870758,293257216,118251520
27-11-2025 11:01:23,4174,xdg-desktop-portal,0.2,7.44,0.0,2309.239065170288,966656,0
27-11-2025 11:01:23,4179,chrome,0.0,7.44,0.0,2309.2301845550537,33800192,32768
27-11-2025 11:01:23,4193,chrome,0.0,7.44,0.0,2309.2013895511627,6983680,733184
27-11-2025 11:01:23,4194,xdg-desktop-portal-gtk,0.2,7.44,0.0,2309.1924657821655,679936,0
27-11-2025 11:01:23,4459,chrome,0.0,7.44,0.0,2292.283518075943,4657152,0
27-11-2025 11:01:23,4492,chrome,0.0,7.44,0.0,2270.2746782302856,53248,0
27-11-2025 11:01:23,4539,chrome,0.0,7.44,0.0,2257.945629119873,4268032,0
27-11-2025 11:01:23,4547,chrome,0.0,7.44,0.0,2257.866443634033,630784,0
27-11-2025 11:01:23,4558,chrome,0.0,7.44,0.0,2257.7271888256073,47771648,0
27-11-2025 11:01:23,4866,chrome,0.0,7.44,0.0,1239.9782030582428,6475776,0
27-11-2025 11:01:23,4951,kworker/u16:1-i915,0.5,7.44,0.0,1083.28901553154,0,0
27-11-2025 11:01:23,5098,idea,4.7,7.44,0.0,1078.0898551940918,2246870016,46125056
27-11-2025 11:01:23,6185,java,0.6,7.44,0.0,964.5906331539154,0,2117632
27-11-2025 11:01:23,6995,chrome,0.0,7.44,0.0,773.4315617084503,139264,0
27-11-2025 11:01:23,7009,kworker/u17:1-i915_flip,0.3,7.44,0.0,768.2023549079895,0,0
27-11-2025 11:01:23,7298,chrome,0.0,7.44,0.0,578.4229538440704,503808,0
27-11-2025 11:01:23,7657,code,4.5,7.44,0.0,457.2338695526123,92975104,8400896
27-11-2025 11:01:23,7700,code,23.0,7.44,0.0,456.82488226890564,15847424,8192
27-11-2025 11:01:23,7726,code,41.8,7.44,0.0,456.6155216693878,39522304,126976
27-11-2025 11:01:23,7741,code,0.0,7.44,0.0,455.97605180740356,39145472,112488448
27-11-2025 11:01:23,7742,code,0.2,7.44,0.0,455.97656512260437,8355840,0
27-11-2025 11:01:23,7766,code,2.1,7.44,0.0,455.86710238456726,46866432,770048
27-11-2025 11:01:23,7817,code,0.0,7.44,0.0,454.2277202606201,897024,0
27-11-2025 11:01:23,7950,code,1.9,7.44,0.0,452.4382700920105,1130496,0
27-11-2025 11:01:23,8685,code,6.2,7.44,0.0,448.4690020084381,29069312,217088
27-11-2025 11:01:23,9716,chrome,0.0,7.44,0.0,222.8097219467163,114688,0
27-11-2025 11:01:23,9728,chrome,0.0,7.44,0.0,219.77023887634277,704512,0
27-11-2025 11:01:23,10355,code,0.0,7.44,0.0,23.981026649475098,671744,0
27-11-2025 11:01:23,10423,python,2.4,7.44,0.0,8.39155626296997,827392,20480
27-11-2025 11:01:29,14,rcu_sched,0.3,7.44,0.0,2377.4938428401947,0,0
27-11-2025 11:01:29,21,migration/1,0.2,7.44,0.0,2377.5009620189667,0,0
27-11-2025 11:01:29,23,kworker/1:0-events,0.2,7.44,0.0,2377.503413438797,0,0
27-11-2025 11:01:29,51,migration/6,0.2,7.44,0.0,2377.499303817749,0,0
27-11-2025 11:01:29,236,kworker/5:1H-events_highpri,0.2,7.44,0.0,2375.6899473667145,0,0
27-11-2025 11:01:29,250,irq/135-VEN_04F,1.3,7.44,0.0,2375.662255048752,0,0
27-11-2025 11:01:29,268,kworker/2:1H-events_highpri,0.2,7.44,0.0,2374.906289100647,0,0
27-11-2025 11:01:29,605,kworker/6:2-events,0.2,7.44,0.0,2372.5299649238586,0,0
27-11-2025 11:01:29,628,kworker/u16:8+i915,0.2,7.44,0.0,2372.39191198349,0,0
27-11-2025 11:01:29,799,irq/140-rtw88_p,0.5,7.44,0.0,2371.913409471512,0,0
27-11-2025 11:01:29,1142,avahi-daemon,0.3,7.44,0.0,2370.7560334205627,0,0
27-11-2025 11:01:29,1189,thermald,0.2,7.44,0.0,2370.740275621414,0,0
27-11-2025 11:01:29,1197,kworker/4:3-mm_percpu_wq,0.2,7.44,0.0,2370.7328696250916,0,0
27-11-2025 11:01:29,1327,containerd,0.3,7.44,0.0,2370.644966840744,0,0
27-11-2025 11:01:29,2507,mysqld,1.1,7.44,0.0,2363.518837928772,0,0
27-11-2025 11:01:29,3328,Xorg,12.2,7.44,0.0,2356.6114270687103,5705728,110592
27-11-2025 11:01:29,3460,gnome-shell,13.5,7.44,0.0,2355.882971763611,35077120,622592
27-11-2025 11:01:29,4131,chrome,0.0,7.44,0.0,2315.8284883499146,293257216,118300672
27-11-2025 11:01:29,4174,xdg-desktop-portal,0.3,7.44,0.0,2315.390437602997,966656,0
27-11-2025 11:01:29,4179,chrome,0.0,7.44,0.0,2315.3811206817627,33800192,32768
27-11-2025 11:01:29,4193,chrome,0.0,7.44,0.0,2315.3518257141113,6983680,733184
27-11-2025 11:01:29,4459,chrome,0.0,7.44,0.0,2298.4326586723328,4657152,0
27-11-2025 11:01:29,4492,chrome,0.0,7.44,0.0,2276.423695087433,53248,0
27-11-2025 11:01:29,4539,chrome,0.0,7.44,0.0,2264.094292163849,4268032,0
27-11-2025 11:01:29,4547,chrome,0.0,7.44,0.0,2264.0148322582245,630784,0
27-11-2025 11:01:29,4558,chrome,0.0,7.44,0.0,2263.875400543213,47771648,0
27-11-2025 11:01:29,4866,chrome,0.0,7.44,0.0,1246.126534461975,6475776,0
27-11-2025 11:01:29,4951,kworker/u16:1-i915,0.5,7.44,0.0,1089.4375405311584,0,0
27-11-2025 11:01:29,5098,idea,8.6,7.44,0.0,1084.2384233474731,2246870016,46260224
27-11-2025 11:01:29,6185,java,0.8,7.44,0.0,970.7391877174377,0,2134016
27-11-2025 11:01:29,6842,kworker/0:2-mm_percpu_wq,0.2,7.44,0.0,812.2399334907532,0,0
27-11-2025 11:01:29,6995,chrome,0.0,7.44,0.0,779.5805566310883,139264,0
27-11-2025 11:01:29,7009,kworker/u17:1+i915_flip,0.5,7.44,0.0,774.3514783382416,0,0
27-11-2025 11:01:29,7298,chrome,0.0,7.44,0.0,584.5721402168274,503808,0
27-11-2025 11:01:29,7657,code,4.1,7.44,0.0,463.38310050964355,92975104,8400896
27-11-2025 11:01:29,7700,code,26.7,7.44,0.0,462.9742431640625,15847424,8192
27-11-2025 11:01:29,7726,code,37.2,7.44,0.0,462.7651696205139,39522304,126976
27-11-2025 11:01:29,7741,code,0.0,7.44,0.0,462.1258430480957,39145472,112488448
27-11-2025 11:01:29,7742,code,0.3,7.44,0.0,462.1263756752014,8355840,0
27-11-2025 11:01:29,7766,code,2.0,7.44,0.0,462.01692509651184,46866432,774144
27-11-2025 11:01:29,7817,code,0.0,7.44,0.0,460.37753891944885,897024,0
27-11-2025 11:01:29,7950,code,2.3,7.44,0.0,458.5880961418152,1130496,0
27-11-2025 11:01:29,8685,code,0.5,7.44,0.0,454.6188266277313,29069312,217088
27-11-2025 11:01:29,9716,chrome,0.0,7.44,0.0,228.95992922782898,114688,0
27-11-2025 11:01:29,9728,chrome,0.0,7.44,0.0,225.92055344581604,704512,0
27-11-2025 11:01:29,10355,code,0.0,7.44,0.0,30.131369829177856,671744,0
27-11-2025 11:01:29,10423,python,2.1,7.44,0.0,14.541990280151367,827392,32768
27-11-2025 11:01:35,14,rcu_sched,0.2,7.44,0.0,2383.6531579494476,0,0
27-11-2025 11:01:35,21,migration/1,0.2,7.44,0.0,2383.660494327545,0,0
27-11-2025 11:01:35,23,kworker/1:0-events,0.3,7.44,0.0,2383.6665749549866,0,0
27-11-2025 11:01:35,33,migration/3,0.2,7.44,0.0,2383.6649129390717,0,0
27-11-2025 11:01:35,45,migration/5,0.2,7.44,0.0,2383.673132419586,0,0
27-11-2025 11:01:35,57,migration/7,0.2,7.44,0.0,2383.6724224090576,0,0
27-11-2025 11:01:35,58,ksoftirqd/7,0.2,7.44,0.0,2383.676728963852,0,0
27-11-2025 11:01:35,130,kswapd0,0.6,7.44,0.0,2383.132060289383,0,0
27-11-2025 11:01:35,143,kworker/6:1H-kblockd,0.2,7.44,0.0,2382.961188316345,0,0
27-11-2025 11:01:35,250,irq/135-VEN_04F,1.3,7.44,0.0,2381.862056016922,0,0
27-11-2025 11:01:35,799,irq/140-rtw88_p,1.8,7.44,0.0,2378.1081416606903,0,0
27-11-2025 11:01:35,1138,accounts-daemon,0.2,7.44,0.0,2376.951467514038,0,0
27-11-2025 11:01:35,1142,avahi-daemon,0.2,7.44,0.0,2376.9525163173676,0,0
27-11-2025 11:01:35,1177,snapd,0.2,7.44,0.0,2376.934422969818,0,0
27-11-2025 11:01:35,1189,thermald,0.3,7.44,0.0,2376.936627149582,0,0
27-11-2025 11:01:35,2345,rserver,0.2,7.44,0.0,2369.780121088028,0,0
27-11-2025 11:01:35,2507,mysqld,1.1,7.44,0.0,2369.712244987488,0,0
27-11-2025 11:01:35,3328,Xorg,13.7,7.44,0.0,2362.804117202759,5705728,110592
27-11-2025 11:01:35,3460,gnome-shell,15.7,7.44,0.0,2362.075870990753,35077120,622592
27-11-2025 11:01:35,3505,ibus-x11,0.2,7.44,0.0,2361.5269932746887,106496,0
27-11-2025 11:01:35,3520,at-spi2-registryd,0.2,7.44,0.0,2361.5077092647552,0,0
27-11-2025 11:01:35,4131,chrome,19.4,7.44,0.0,2322.0208847522736,293285888,119291904
27-11-2025 11:01:35,4152,chrome,0.2,7.44,0.0,2321.7919805049896,196939776,369745920
27-11-2025 11:01:35,4174,xdg-desktop-portal,0.2,7.44,0.0,2321.5825695991516,966656,0
27-11-2025 11:01:35,4179,chrome,12.4,7.44,0.0,2321.573112487793,33800192,32768
27-11-2025 11:01:35,4193,chrome,1.9,7.44,0.0,2321.5437648296356,6983680,733184
27-11-2025 11:01:35,4194,xdg-desktop-portal-gtk,0.2,7.44,0.0,2321.5343494415283,679936,0
27-11-2025 11:01:35,4209,chrome,0.2,7.44,0.0,2321.4348816871643,811008,16384
27-11-2025 11:01:35,4459,chrome,0.0,7.44,0.0,2304.625424146652,4657152,0
27-11-2025 11:01:35,4492,chrome,0.0,7.44,0.0,2282.6161494255066,53248,0
27-11-2025 11:01:35,4539,chrome,3.4,7.44,0.0,2270.2866880893707,4292608,0
27-11-2025 11:01:35,4547,chrome,0.0,7.44,0.0,2270.2072200775146,630784,0
27-11-2025 11:01:35,4558,chrome,0.0,7.44,0.0,2270.067737340927,47771648,0
27-11-2025 11:01:35,4800,kworker/2:0-events,0.2,7.44,0.0,1481.9683558940887,0,0
27-11-2025 11:01:35,4866,chrome,0.0,7.44,0.0,1252.3189063072205,6475776,0
27-11-2025 11:01:35,4951,kworker/u16:1-events_unbound,0.3,7.44,0.0,1095.629519701004,0,0
27-11-2025 11:01:35,5098,idea,7.4,7.44,0.0,1090.4302291870117,2246870016,46436352
27-11-2025 11:01:35,6185,java,1.0,7.44,0.0,976.9308400154114,0,2142208
27-11-2025 11:01:35,6995,chrome,0.0,7.44,0.0,785.7716467380524,139264,0
27-11-2025 11:01:35,7008,kworker/u16:0-events_unbound,0.5,7.44,0.0,780.7422029972076,0,0
27-11-2025 11:01:35,7009,kworker/u17:1-rtw_tx_wq,0.3,7.44,0.0,780.542768239975,0,0
27-11-2025 11:01:35,7298,chrome,1.8,7.44,0.0,590.7633457183838,503808,0
27-11-2025 11:01:35,7657,code,2.1,7.44,0.0,469.57448077201843,92975104,8499200
27-11-2025 11:01:35,7700,code,23.9,7.44,0.0,469.1676812171936,15847424,8192
27-11-2025 11:01:35,7726,code,26.2,7.44,0.0,468.95881700515747,39522304,126976
27-11-2025 11:01:35,7741,code,0.0,7.44,0.0,468.320348739624,39145472,112488448
27-11-2025 11:01:35,7742,code,0.3,7.44,0.0,468.3210699558258,8355840,0
27-11-2025 11:01:35,7766,code,0.6,7.44,0.0,468.21178793907166,46866432,774144
27-11-2025 11:01:35,7817,code,0.0,7.44,0.0,466.57251930236816,897024,0
27-11-2025 11:01:35,7950,code,0.6,7.44,0.0,464.7831218242645,1130496,0
27-11-2025 11:01:35,8685,code,0.2,7.44,0.0,460.81410336494446,29069312,217088
27-11-2025 11:01:35,9716,chrome,0.0,7.44,0.0,235.15507912635803,114688,0
27-11-2025 11:01:35,9728,chrome,0.5,7.44,0.0,232.115825176239,704512,0
27-11-2025 11:01:35,9738,chrome,1.0,7.44,0.0,231.46652960777283,0,0
27-11-2025 11:01:35,10355,code,0.2,7.44,0.0,36.32771968841553,671744,0
27-11-2025 11:01:35,10423,python,2.6,7.44,0.0,20.73881983757019,827392,45056
27-11-2025 11:01:35,10542,chrome,0.0,7.44,0.0,1.6911985874176025,0,0
27-11-2025 11:01:41,14,rcu_sched,0.3,7.44,0.0,2389.8822689056396,0,0
27-11-2025 11:01:41,21,migration/1,0.2,7.44,0.0,2389.89044213295,0,0
27-11-2025 11:01:41,23,kworker/1:0-events,0.6,7.44,0.0,2389.895790576935,0,0
27-11-2025 11:01:41,33,migration/3,0.3,7.44,0.0,2389.8960795402527,0,0
27-11-2025 11:01:41,39,migration/4,0.2,7.44,0.0,2389.9054737091064,0,0
27-11-2025 11:01:41,51,migration/6,0.2,7.44,0.0,2389.9188747406006,0,0
27-11-2025 11:01:41,57,migration/7,0.2,7.44,0.0,2389.921719789505,0,0
27-11-2025 11:01:41,67,kcompactd0,1.8,7.44,0.0,2389.931438922882,0,0
27-11-2025 11:01:41,130,kswapd0,0.6,7.44,0.0,2389.3936915397644,0,0
27-11-2025 11:01:41,250,irq/135-VEN_04F,0.2,7.44,0.0,2388.114098548889,0,0
27-11-2025 11:01:41,628,kworker/u16:8-events_unbound,0.5,7.44,0.0,2384.83829665184,0,0
27-11-2025 11:01:41,799,irq/140-rtw88_p,6.9,7.44,0.0,2384.36109995842,0,0
27-11-2025 11:01:41,1038,systemd-resolved,0.2,7.44,0.0,2383.5032839775085,0,0
27-11-2025 11:01:41,1142,avahi-daemon,1.4,7.44,0.0,2383.2061998844147,0,0
27-11-2025 11:01:41,1189,thermald,0.2,7.44,0.0,2383.1886093616486,0,0
27-11-2025 11:01:41,1327,containerd,0.3,7.44,0.0,2383.0935389995575,0,0
27-11-2025 11:01:41,2507,mysqld,1.1,7.44,0.0,2375.9676933288574,0,0
27-11-2025 11:01:41,3321,dbus-daemon,0.2,7.44,0.0,2369.2989435195923,0,0
27-11-2025 11:01:41,3328,Xorg,13.1,7.44,0.0,2369.059734582901,5705728,110592
27-11-2025 11:01:41,3460,gnome-shell,16.8,7.44,0.0,2368.330780029297,35077120,622592
27-11-2025 11:01:41,4131,chrome,22.4,7.44,0.0,2328.27507519722,293285888,119889920
27-11-2025 11:01:41,4174,xdg-desktop-portal,0.2,7.44,0.0,2327.83682346344,966656,0
27-11-2025 11:01:41,4179,chrome,25.6,7.44,0.0,2327.828417301178,33800192,32768
27-11-2025 11:01:41,4193,chrome,9.0,7.44,0.0,2327.7991421222687,6983680,733184
27-11-2025 11:01:41,4459,chrome,0.0,7.44,0.0,2310.879939556122,4657152,0
27-11-2025 11:01:41,4492,chrome,0.0,7.44,0.0,2288.871034145355,53248,0
27-11-2025 11:01:41,4539,chrome,0.2,7.44,0.0,2276.5418627262115,4292608,0
27-11-2025 11:01:41,4547,chrome,0.0,7.44,0.0,2276.4625680446625,630784,0
27-11-2025 11:01:41,4558,chrome,0.0,7.44,0.0,2276.3237879276276,47771648,0
27-11-2025 11:01:41,4866,chrome,0.0,7.44,0.0,1258.5750868320465,6475776,0
27-11-2025 11:01:41,4914,kworker/7:0-events,0.2,7.44,0.0,1229.4662671089172,0,0
27-11-2025 11:01:41,5098,idea,5.6,7.44,0.0,1096.6870017051697,2246870016,46448640
27-11-2025 11:01:41,6185,java,0.8,7.44,0.0,983.1877162456512,0,2150400
27-11-2025 11:01:41,6842,kworker/0:2-events,0.2,7.44,0.0,824.688485622406,0,0
27-11-2025 11:01:41,6995,chrome,0.0,7.44,0.0,792.0291574001312,139264,0
27-11-2025 11:01:41,7008,kworker/u16:0-events_unbound,0.6,7.44,0.0,786.9998307228088,0,0
27-11-2025 11:01:41,7009,kworker/u17:1-rtw_tx_wq,0.5,7.44,0.0,786.8005449771881,0,0
27-11-2025 11:01:41,7298,chrome,0.0,7.44,0.0,597.0212957859039,503808,0
27-11-2025 11:01:41,7364,kworker/5:2-events,0.2,7.44,0.0,529.8221380710602,0,0
27-11-2025 11:01:41,7657,code,0.0,7.44,0.0,475.8327386379242,92975104,8499200
27-11-2025 11:01:41,7700,code,15.2,7.44,0.0,475.423850774765,15847424,8192
27-11-2025 11:01:41,7726,code,28.5,7.44,0.0,475.2150559425354,39522304,126976
27-11-2025 11:01:41,7741,code,0.2,7.44,0.0,474.5758156776428,39145472,112488448
27-11-2025 11:01:41,7742,code,0.3,7.44,0.0,474.57640838623047,8355840,0
27-11-2025 11:01:41,7766,code,0.3,7.44,0.0,474.46702456474304,46866432,774144
27-11-2025 11:01:41,7817,code,0.0,7.44,0.0,472.82773208618164,897024,0
27-11-2025 11:01:41,7950,code,1.1,7.44,0.0,471.0383813381195,1130496,0
27-11-2025 11:01:41,8685,code,0.0,7.44,0.0,467.06924843788147,29069312,217088
27-11-2025 11:01:41,9716,chrome,0.2,7.44,0.0,241.41011714935303,114688,0
27-11-2025 11:01:41,9728,chrome,2.4,7.44,0.0,238.37070894241333,835584,0
27-11-2025 11:01:41,10323,kworker/u17:3-i915_flip,0.8,7.44,0.0,52.69149446487427,0,0
27-11-2025 11:01:41,10355,code,0.0,7.44,0.0,42.582141637802124,671744,0
27-11-2025 11:01:41,10423,python,3.4,7.44,0.0,26.992746114730835,827392,57344
27-11-2025 11:01:41,10542,chrome,19.5,7.44,0.0,7.943360090255737,0,0
27-11-2025 11:01:48,14,rcu_sched,0.2,7.44,0.0,2396.109657049179,0,0
27-11-2025 11:01:48,21,migration/1,0.2,7.44,0.0,2396.117747783661,0,0
27-11-2025 11:01:48,23,kworker/1:0-events,0.6,7.44,0.0,2396.123733997345,0,0
27-11-2025 11:01:48,57,migration/7,0.2,7.44,0.0,2396.121361017227,0,0
27-11-2025 11:01:48,67,kcompactd0,1.6,7.44,0.0,2396.1285951137543,0,0
27-11-2025 11:01:48,234,kworker/3:1H-events_highpri,0.2,7.44,0.0,2394.324170589447,0,0
27-11-2025 11:01:48,242,kworker/1:1H-events_highpri,0.2,7.44,0.0,2394.3259842395782,0,0
27-11-2025 11:01:48,250,irq/135-VEN_04F,0.2,7.44,0.0,2394.2971198558807,0,0
27-11-2025 11:01:48,628,kworker/u16:8-events_unbound,0.6,7.44,0.0,2391.018882751465,0,0
27-11-2025 11:01:48,799,irq/140-rtw88_p,1.6,7.44,0.0,2390.539677143097,0,0
27-11-2025 11:01:48,1142,avahi-daemon,1.1,7.44,0.0,2389.3808221817017,0,0
27-11-2025 11:01:48,1150,NetworkManager,0.2,7.44,0.0,2389.3824281692505,0,0
27-11-2025 11:01:48,1189,thermald,0.3,7.44,0.0,2389.3647010326385,0,0
27-11-2025 11:01:48,1197,kworker/4:3-events,0.2,7.44,0.0,2389.357939004898,0,0
27-11-2025 11:01:48,2507,mysqld,1.1,7.44,0.0,2382.1433799266815,0,0
27-11-2025 11:01:48,3321,dbus-daemon,0.2,7.44,0.0,2375.4765741825104,0,0
27-11-2025 11:01:48,3328,Xorg,13.4,7.44,0.0,2375.2393777370453,5705728,110592
27-11-2025 11:01:48,3460,gnome-shell,16.8,7.44,0.0,2374.5109996795654,35077120,622592
27-11-2025 11:01:48,4131,chrome,18.8,7.44,0.0,2334.456038951874,293285888,120217600
27-11-2025 11:01:48,4179,chrome,23.9,7.44,0.0,2334.0087597370148,33800192,32768
27-11-2025 11:01:48,4193,chrome,0.5,7.44,0.0,2333.9822030067444,6983680,733184
27-11-2025 11:01:48,4194,xdg-desktop-portal-gtk,0.2,7.44,0.0,2333.9729528427124,679936,0
27-11-2025 11:01:48,4209,chrome,0.2,7.44,0.0,2333.873886346817,811008,16384
27-11-2025 11:01:48,4459,chrome,0.0,7.44,0.0,2317.0650594234467,4657152,0
27-11-2025 11:01:48,4492,chrome,0.0,7.44,0.0,2295.0567939281464,53248,0
27-11-2025 11:01:48,4539,chrome,0.0,7.44,0.0,2282.7278571128845,4292608,0
27-11-2025 11:01:48,4547,chrome,0.0,7.44,0.0,2282.648614883423,630784,0
27-11-2025 11:01:48,4558,chrome,0.0,7.44,0.0,2282.509402036667,47771648,0
27-11-2025 11:01:48,4800,kworker/2:0-events,0.2,7.44,0.0,1494.4103977680206,0,0
27-11-2025 11:01:48,4866,chrome,0.0,7.44,0.0,1264.7610893249512,6475776,0
27-11-2025 11:01:48,5098,idea,6.0,7.44,0.0,1102.872266292572,2246870016,46465024
27-11-2025 11:01:48,6185,java,0.8,7.44,0.0,989.3737969398499,0,2158592
27-11-2025 11:01:48,6995,chrome,0.2,7.44,0.0,798.2146780490875,139264,0
27-11-2025 11:01:48,7008,kworker/u16:0-events_unbound,0.8,7.44,0.0,793.185261964798,0,0
27-11-2025 11:01:48,7009,kworker/u17:1+i915_flip,0.6,7.44,0.0,792.9858179092407,0,0
27-11-2025 11:01:48,7298,chrome,0.2,7.44,0.0,603.2063624858856,503808,0
27-11-2025 11:01:48,7364,kworker/5:2-events,0.2,7.44,0.0,536.0071432590485,0,0
27-11-2025 11:01:48,7657,code,0.2,7.44,0.0,482.01778745651245,92975104,8499200
27-11-2025 11:01:48,7700,code,14.9,7.44,0.0,481.60879492759705,15847424,8192
27-11-2025 11:01:48,7726,code,10.8,7.44,0.0,481.3994436264038,39522304,126976
27-11-2025 11:01:48,7741,code,0.0,7.44,0.0,480.7600381374359,39145472,112488448
27-11-2025 11:01:48,7742,code,0.3,7.44,0.0,480.76082968711853,8355840,0
27-11-2025 11:01:48,7766,code,0.2,7.44,0.0,480.65173530578613,46866432,774144
27-11-2025 11:01:48,7817,code,0.0,7.44,0.0,479.01236033439636,897024,0
27-11-2025 11:01:48,7950,code,1.1,7.44,0.0,477.22290802001953,1130496,0
27-11-2025 11:01:48,8685,code,0.0,7.44,0.0,473.2535939216614,29069312,217088
27-11-2025 11:01:48,9716,chrome,0.0,7.44,0.0,247.59433507919312,114688,0
27-11-2025 11:01:48,9728,chrome,0.6,7.44,0.0,244.55486059188843,835584,0
27-11-2025 11:01:48,10355,code,0.0,7.44,0.0,48.765618085861206,671744,0
27-11-2025 11:01:48,10423,python,2.4,7.44,0.0,33.17618918418884,827392,69632
27-11-2025 11:01:48,10542,chrome,5.2,7.44,0.0,14.126769304275513,0,0
27-11-2025 11:01:54,14,rcu_sched,0.3,7.44,0.0,2402.2939438819885,0,0
27-11-2025 11:01:54,23,kworker/1:0-events,0.5,7.44,0.0,2402.3036363124847,0,0
27-11-2025 11:01:54,33,migration/3,0.2,7.44,0.0,2402.303760766983,0,0
27-11-2025 11:01:54,45,migration/5,0.2,7.44,0.0,2402.314851284027,0,0
27-11-2025 11:01:54,51,migration/6,0.2,7.44,0.0,2402.3225038051605,0,0
27-11-2025 11:01:54,250,irq/135-VEN_04F,0.3,7.44,0.0,2400.4834938049316,0,0
27-11-2025 11:01:54,416,jbd2/nvme0n1p3-,0.2,7.44,0.0,2397.780319929123,0,0
27-11-2025 11:01:54,628,kworker/u16:8-events_unbound,0.6,7.44,0.0,2397.213718652725,0,0
27-11-2025 11:01:54,799,irq/140-rtw88_p,1.5,7.44,0.0,2396.735274553299,0,0
27-11-2025 11:01:54,1142,avahi-daemon,0.5,7.44,0.0,2395.576953649521,0,0
27-11-2025 11:01:54,1292,kworker/3:4-events,0.2,7.44,0.0,2395.478914499283,0,0
27-11-2025 11:01:54,1327,containerd,0.3,7.44,0.0,2395.459541082382,0,0
27-11-2025 11:01:54,2507,mysqld,1.3,7.44,0.0,2388.332303762436,0,0
27-11-2025 11:01:54,3328,Xorg,13.4,7.44,0.0,2381.4255990982056,5705728,110592
27-11-2025 11:01:54,3460,gnome-shell,15.5,7.44,0.0,2380.6997258663177,35077120,622592
27-11-2025 11:01:54,4131,chrome,18.1,7.44,0.0,2340.6471602916718,293285888,120500224
27-11-2025 11:01:54,4174,xdg-desktop-portal,0.2,7.44,0.0,2340.211426258087,966656,0
27-11-2025 11:01:54,4179,chrome,23.9,7.44,0.0,2340.2026221752167,33800192,32768
27-11-2025 11:01:54,4193,chrome,0.0,7.44,0.0,2340.1732847690582,6983680,733184
27-11-2025 11:01:54,4459,chrome,0.0,7.44,0.0,2323.254106760025,4657152,0
27-11-2025 11:01:54,4492,chrome,0.2,7.44,0.0,2301.244898557663,53248,0
27-11-2025 11:01:54,4539,chrome,0.0,7.44,0.0,2288.915694952011,4292608,0
27-11-2025 11:01:54,4547,chrome,0.0,7.44,0.0,2288.836520910263,630784,0
27-11-2025 11:01:54,4558,chrome,0.0,7.44,0.0,2288.697163105011,47771648,0
27-11-2025 11:01:54,4866,chrome,0.0,7.44,0.0,1270.9484708309174,6475776,0
27-11-2025 11:01:54,5098,idea,5.8,7.44,0.0,1109.0597643852234,2246870016,46481408
27-11-2025 11:01:54,6185,java,0.6,7.44,0.0,995.5611577033997,0,2174976
27-11-2025 11:01:54,6842,kworker/0:2-events,0.2,7.44,0.0,837.062251329422,0,0
27-11-2025 11:01:54,6995,chrome,0.0,7.44,0.0,804.4030175209045,139264,0
27-11-2025 11:01:54,7008,kworker/u16:0-events_unbound,0.3,7.44,0.0,799.3739471435547,0,0
27-11-2025 11:01:54,7009,kworker/u17:1-i915_flip,0.6,7.44,0.0,799.1751444339752,0,0
27-11-2025 11:01:54,7298,chrome,0.0,7.44,0.0,609.3963851928711,503808,0
27-11-2025 11:01:54,7657,code,0.0,7.44,0.0,488.2079277038574,92975104,8499200
27-11-2025 11:01:54,7700,code,14.4,7.44,0.0,487.79993057250977,15847424,8192
27-11-2025 11:01:54,7726,code,11.1,7.44,0.0,487.5907235145569,39522304,126976
27-11-2025 11:01:54,7741,code,0.0,7.44,0.0,486.95149517059326,39145472,112488448
27-11-2025 11:01:54,7742,code,0.2,7.44,0.0,486.9521460533142,8355840,0
27-11-2025 11:01:54,7766,code,0.2,7.44,0.0,486.84290194511414,46866432,774144
27-11-2025 11:01:54,7817,code,0.0,7.44,0.0,485.20359539985657,897024,0
27-11-2025 11:01:54,7950,code,1.8,7.44,0.0,483.41413855552673,1130496,0
27-11-2025 11:01:54,8685,code,0.2,7.44,0.0,479.4448299407959,29069312,217088
27-11-2025 11:01:54,9716,chrome,0.0,7.44,0.0,253.78554773330688,114688,0
27-11-2025 11:01:54,9728,chrome,0.2,7.44,0.0,250.7460868358612,835584,0
27-11-2025 11:01:54,10355,code,0.0,7.44,0.0,54.95680379867554,671744,0
27-11-2025 11:01:54,10423,python,2.7,7.44,0.0,39.367348194122314,827392,81920
27-11-2025 11:01:54,10542,chrome,5.0,7.44,0.0,20.31790280342102,0,0
27-11-2025 11:02:00,13,ksoftirqd/0,0.2,7.44,0.0,2408.4840483665466,0,0
27-11-2025 11:02:00,14,rcu_sched,0.3,7.44,0.0,2408.4912247657776,0,0
27-11-2025 11:02:00,21,migration/1,0.2,7.44,0.0,2408.500529527664,0,0
27-11-2025 11:02:00,23,kworker/1:0-events,0.5,7.44,0.0,2408.5081288814545,0,0
27-11-2025 11:02:00,33,migration/3,0.2,7.44,0.0,2408.5075891017914,0,0
27-11-2025 11:02:00,39,migration/4,0.2,7.44,0.0,2408.5173633098602,0,0
27-11-2025 11:02:00,57,migration/7,0.2,7.44,0.0,2408.5171236991882,0,0
27-11-2025 11:02:00,216,kworker/4:1H-events_highpri,0.2,7.44,0.0,2406.7877740859985,0,0
27-11-2025 11:02:00,605,kworker/6:2-mm_percpu_wq,0.2,7.44,0.0,2403.5545744895935,0,0
27-11-2025 11:02:00,628,kworker/u16:8-events_unbound,0.2,7.44,0.0,2403.4172406196594,0,0
27-11-2025 11:02:00,799,irq/140-rtw88_p,0.8,7.44,0.0,2402.9397959709167,0,0
27-11-2025 11:02:00,1142,avahi-daemon,0.3,7.44,0.0,2401.781747341156,0,0
27-11-2025 11:02:00,1189,thermald,0.3,7.44,0.0,2401.7638034820557,0,0
27-11-2025 11:02:00,1327,containerd,0.2,7.44,0.0,2401.6650779247284,0,0
27-11-2025 11:02:00,2507,mysqld,1.3,7.44,0.0,2394.5371441841125,0,0
27-11-2025 11:02:00,3328,Xorg,12.7,7.44,0.0,2387.6297051906586,5705728,110592
27-11-2025 11:02:00,3460,gnome-shell,16.4,7.44,0.0,2386.9011702537537,35077120,622592
27-11-2025 11:02:00,3638,gsd-housekeeping,0.2,7.44,0.0,2385.9352991580963,266240,0
27-11-2025 11:02:00,4131,chrome,17.7,7.44,0.0,2346.8485522270203,293285888,120725504
27-11-2025 11:02:00,4174,xdg-desktop-portal,0.2,7.44,0.0,2346.4102358818054,966656,0
27-11-2025 11:02:00,4179,chrome,23.9,7.44,0.0,2346.4013407230377,33800192,32768
27-11-2025 11:02:00,4193,chrome,0.2,7.44,0.0,2346.37220454216,6983680,733184
27-11-2025 11:02:00,4194,xdg-desktop-portal-gtk,0.2,7.44,0.0,2346.3627820014954,679936,0
27-11-2025 11:02:00,4459,chrome,0.0,7.44,0.0,2329.453407764435,4657152,0
27-11-2025 11:02:00,4492,chrome,0.0,7.44,0.0,2307.444240808487,53248,0
27-11-2025 11:02:00,4539,chrome,0.0,7.44,0.0,2295.114782810211,4292608,0
27-11-2025 11:02:00,4547,chrome,0.0,7.44,0.0,2295.0353467464447,630784,0
27-11-2025 11:02:00,4558,chrome,0.0,7.44,0.0,2294.8959064483643,47771648,0
27-11-2025 11:02:00,4866,chrome,0.0,7.44,0.0,1277.14666223526,6475776,0
27-11-2025 11:02:00,4951,kworker/u16:1-events_unbound,0.2,7.44,0.0,1120.4577655792236,0,0
27-11-2025 11:02:00,5098,idea,6.0,7.44,0.0,1115.2587053775787,2246870016,46497792
27-11-2025 11:02:00,6185,java,1.1,7.44,0.0,1001.7597255706787,0,2187264
27-11-2025 11:02:00,6842,kworker/0:2-events,0.2,7.44,0.0,843.2606410980225,0,0
27-11-2025 11:02:00,6995,chrome,0.0,7.44,0.0,810.6011922359467,139264,0
27-11-2025 11:02:00,7008,kworker/u16:0-i915,0.8,7.44,0.0,805.571793794632,0,0
27-11-2025 11:02:00,7009,kworker/u17:1-i915_flip,0.6,7.44,0.0,805.372367143631,0,0
27-11-2025 11:02:00,7298,chrome,0.0,7.44,0.0,615.593022108078,503808,0
27-11-2025 11:02:00,7657,code,0.2,7.44,0.0,494.4040083885193,92975104,8499200
27-11-2025 11:02:00,7700,code,15.7,7.44,0.0,493.9950785636902,15847424,8192
27-11-2025 11:02:00,7726,code,11.0,7.44,0.0,493.78574419021606,39522304,126976
27-11-2025 11:02:00,7741,code,0.0,7.44,0.0,493.1463131904602,39145472,112488448
27-11-2025 11:02:00,7742,code,0.5,7.44,0.0,493.146933555603,8355840,0
27-11-2025 11:02:00,7766,code,0.3,7.44,0.0,493.0375487804413,46866432,774144
27-11-2025 11:02:00,7817,code,0.2,7.44,0.0,491.3982484340668,897024,0
27-11-2025 11:02:00,7950,code,1.0,7.44,0.0,489.60879135131836,1130496,0
27-11-2025 11:02:00,8685,code,0.2,7.44,0.0,485.63949179649353,29069312,217088
27-11-2025 11:02:00,9716,chrome,0.0,7.44,0.0,259.9802575111389,114688,0
27-11-2025 11:02:00,9728,chrome,0.2,7.44,0.0,256.9408824443817,835584,0
27-11-2025 11:02:00,10355,code,0.0,7.44,0.0,61.15169167518616,671744,0
27-11-2025 11:02:00,10423,python,2.7,7.44,0.0,45.56283092498779,827392,94208
27-11-2025 11:02:00,10542,chrome,3.2,7.44,0.0,26.51367473602295,0,0
27-11-2025 11:02:06,14,rcu_sched,0.3,7.44,0.0,2414.6723940372467,0,0
27-11-2025 11:02:06,21,migration/1,0.2,7.44,0.0,2414.6792380809784,0,0
27-11-2025 11:02:06,23,kworker/1:0-events,0.5,7.44,0.0,2414.6833877563477,0,0
27-11-2025 11:02:06,33,migration/3,0.2,7.44,0.0,2414.680704832077,0,0
27-11-2025 11:02:06,34,ksoftirqd/3,0.2,7.44,0.0,2414.6852300167084,0,0
27-11-2025 11:02:06,51,migration/6,0.2,7.44,0.0,2414.695832490921,0,0
27-11-2025 11:02:06,58,ksoftirqd/7,0.2,7.44,0.0,2414.6928300857544,0,0
27-11-2025 11:02:06,268,kworker/2:1H-events_highpri,0.2,7.44,0.0,2412.1043598651886,0,0
27-11-2025 11:02:06,628,kworker/u16:8-events_unbound,0.2,7.44,0.0,2409.588667869568,0,0
27-11-2025 11:02:06,799,irq/140-rtw88_p,1.3,7.44,0.0,2409.110435962677,0,0
27-11-2025 11:02:06,1142,avahi-daemon,0.5,7.44,0.0,2407.952480316162,0,0
27-11-2025 11:02:06,1189,thermald,0.3,7.44,0.0,2407.934442281723,0,0
27-11-2025 11:02:06,1197,kworker/4:3-events,0.2,7.44,0.0,2407.9260630607605,0,0
27-11-2025 11:02:06,1327,containerd,0.5,7.44,0.0,2407.838036298752,0,0
27-11-2025 11:02:06,1864,upowerd,0.3,7.44,0.0,2407.02978014946,0,0
27-11-2025 11:02:06,2345,rserver,0.2,7.44,0.0,2400.780821323395,0,0
27-11-2025 11:02:06,2507,mysqld,1.3,7.44,0.0,2400.7114837169647,0,0
27-11-2025 11:02:06,3321,dbus-daemon,0.2,7.44,0.0,2394.0432345867157,0,0
27-11-2025 11:02:06,3328,Xorg,12.1,7.44,0.0,2393.805564403534,5705728,110592
27-11-2025 11:02:06,3460,gnome-shell,13.9,7.44,0.0,2393.077323436737,35077120,622592
27-11-2025 11:02:06,3580,gvfs-afc-volume-monitor,0.2,7.44,0.0,2392.2893545627594,114688,0
27-11-2025 11:02:06,4131,chrome,17.3,7.44,0.0,2353.022737264633,293330944,121241600
27-11-2025 11:02:06,4174,xdg-desktop-portal,0.2,7.44,0.0,2352.5841591358185,966656,0
27-11-2025 11:02:06,4179,chrome,23.8,7.44,0.0,2352.5748488903046,33816576,32768
27-11-2025 11:02:06,4193,chrome,0.8,7.44,0.0,2352.5458149909973,6983680,733184
27-11-2025 11:02:06,4459,chrome,0.0,7.44,0.0,2335.626903295517,4657152,0
27-11-2025 11:02:06,4492,chrome,0.0,7.44,0.0,2313.6177525520325,53248,0
27-11-2025 11:02:06,4539,chrome,0.0,7.44,0.0,2301.288314819336,4292608,0
27-11-2025 11:02:06,4547,chrome,0.0,7.44,0.0,2301.2089507579803,630784,0
27-11-2025 11:02:06,4558,chrome,0.0,7.44,0.0,2301.069767475128,47771648,0
27-11-2025 11:02:06,4800,kworker/2:0-events,0.2,7.44,0.0,1512.9707622528076,0,0
27-11-2025 11:02:06,4866,chrome,0.0,7.44,0.0,1283.321403503418,6475776,0
27-11-2025 11:02:06,5098,idea,5.7,7.44,0.0,1121.432225227356,2246870016,46514176
27-11-2025 11:02:06,6185,java,0.8,7.44,0.0,1007.9328546524048,0,2195456
27-11-2025 11:02:06,6995,chrome,0.0,7.44,0.0,816.7737138271332,139264,0
27-11-2025 11:02:06,7008,kworker/u16:0-i915,0.6,7.44,0.0,811.7442524433136,0,0
27-11-2025 11:02:06,7009,kworker/u17:1-rtw_tx_wq,0.5,7.44,0.0,811.5447835922241,0,0
27-11-2025 11:02:06,7298,chrome,0.0,7.44,0.0,621.7652883529663,503808,0
27-11-2025 11:02:06,7657,code,0.0,7.44,0.0,500.57610726356506,92975104,8499200
27-11-2025 11:02:06,7700,code,13.8,7.44,0.0,500.1670870780945,15847424,8192
27-11-2025 11:02:06,7705,code,0.2,7.44,0.0,500.1479105949402,5947392,311296
27-11-2025 11:02:06,7726,code,9.9,7.44,0.0,499.9590027332306,39522304,126976
27-11-2025 11:02:06,7741,code,0.0,7.44,0.0,499.31955313682556,39145472,112488448
27-11-2025 11:02:06,7742,code,0.2,7.44,0.0,499.3200731277466,8355840,0
27-11-2025 11:02:06,7766,code,0.2,7.44,0.0,499.2106204032898,46866432,774144
27-11-2025 11:02:06,7817,code,0.0,7.44,0.0,497.57123708724976,897024,0
27-11-2025 11:02:06,7950,code,1.0,7.44,0.0,495.7817802429199,1130496,0
27-11-2025 11:02:06,8685,code,10.9,7.44,0.0,491.81245517730713,29069312,217088
27-11-2025 11:02:06,9716,chrome,0.0,7.44,0.0,266.15317368507385,114688,0
27-11-2025 11:02:06,9728,chrome,0.0,7.44,0.0,263.1136918067932,835584,0
27-11-2025 11:02:06,10323,kworker/u17:3-rtw_tx_wq,0.2,7.44,0.0,77.4343478679657,0,0
27-11-2025 11:02:06,10355,code,0.0,7.44,0.0,67.32486057281494,671744,0
27-11-2025 11:02:06,10423,python,2.3,7.44,0.0,51.735392332077026,827392,106496
27-11-2025 11:02:06,10542,chrome,13.0,7.44,0.0,32.686010122299194,122880,0
27-11-2025 11:02:12,14,rcu_sched,0.2,7.44,0.0,2420.8424396514893,0,0
27-11-2025 11:02:12,21,migration/1,0.2,7.44,0.0,2420.8493535518646,0,0
27-11-2025 11:02:12,23,kworker/1:0-events,0.5,7.44,0.0,2420.8533153533936,0,0
27-11-2025 11:02:12,45,migration/5,0.2,7.44,0.0,2420.851586341858,0,0
27-11-2025 11:02:12,57,migration/7,0.2,7.44,0.0,2420.8464879989624,0,0
27-11-2025 11:02:12,250,irq/135-VEN_04F,0.3,7.44,0.0,2419.016753435135,0,0
27-11-2025 11:02:12,628,kworker/u16:8-events_unbound,0.5,7.44,0.0,2415.740956068039,0,0
27-11-2025 11:02:12,799,irq/140-rtw88_p,1.0,7.44,0.0,2415.262365579605,0,0
27-11-2025 11:02:12,1142,avahi-daemon,1.1,7.44,0.0,2414.103546142578,0,0
27-11-2025 11:02:12,1147,dbus-daemon,0.2,7.44,0.0,2414.104396343231,0,0
27-11-2025 11:02:12,1327,containerd,0.2,7.44,0.0,2413.986494541168,0,0
27-11-2025 11:02:12,2296,dockerd,0.8,7.44,0.0,2406.9681026935577,0,0
27-11-2025 11:02:12,2507,mysqld,1.1,7.44,0.0,2406.8594133853912,0,0
27-11-2025 11:02:12,3328,Xorg,11.7,7.44,0.0,2399.950688123703,5705728,110592
27-11-2025 11:02:12,3460,gnome-shell,11.6,7.44,0.0,2399.2217166423798,35077120,622592
27-11-2025 11:02:12,4131,chrome,5.0,7.44,0.0,2359.16583108902,293433344,121516032
27-11-2025 11:02:12,4174,xdg-desktop-portal,0.3,7.44,0.0,2358.728302001953,966656,0
27-11-2025 11:02:12,4179,chrome,20.3,7.44,0.0,2358.7189660072327,33816576,32768
27-11-2025 11:02:12,4193,chrome,0.0,7.44,0.0,2358.689626932144,6983680,733184
27-11-2025 11:02:12,4194,xdg-desktop-portal-gtk,0.2,7.44,0.0,2358.6801970005035,679936,0
27-11-2025 11:02:12,4459,chrome,0.0,7.44,0.0,2341.770851135254,4657152,0
27-11-2025 11:02:12,4492,chrome,0.0,7.44,0.0,2319.761641025543,53248,0
27-11-2025 11:02:12,4539,chrome,0.0,7.44,0.0,2307.4324753284454,4292608,0
27-11-2025 11:02:12,4547,chrome,0.0,7.44,0.0,2307.353055000305,630784,0
27-11-2025 11:02:12,4558,chrome,0.0,7.44,0.0,2307.213646888733,47771648,0
27-11-2025 11:02:12,4866,chrome,0.0,7.44,0.0,1289.4644050598145,6475776,0
27-11-2025 11:02:12,4914,kworker/7:0-mm_percpu_wq,0.2,7.44,0.0,1260.3551096916199,0,0
27-11-2025 11:02:12,5098,idea,6.2,7.44,0.0,1127.5758957862854,2246870016,46526464
27-11-2025 11:02:12,6185,java,1.0,7.44,0.0,1014.0765964984894,0,2207744
27-11-2025 11:02:12,6995,chrome,0.0,7.44,0.0,822.917400598526,139264,0
27-11-2025 11:02:12,7008,kworker/u16:0-i915,0.3,7.44,0.0,817.8881089687347,0,0
27-11-2025 11:02:12,7009,kworker/u17:1-i915_flip,0.3,7.44,0.0,817.6886596679688,0,0
27-11-2025 11:02:12,7298,chrome,0.0,7.44,0.0,627.9091954231262,503808,0
27-11-2025 11:02:12,7657,code,0.2,7.44,0.0,506.7202091217041,92975104,8499200
27-11-2025 11:02:12,7700,code,15.3,7.44,0.0,506.3116047382355,15847424,8192
27-11-2025 11:02:12,7726,code,11.2,7.44,0.0,506.102525472641,39522304,126976
27-11-2025 11:02:12,7741,code,0.0,7.44,0.0,505.46334314346313,39145472,112488448
27-11-2025 11:02:12,7742,code,0.2,7.44,0.0,505.4640407562256,8355840,0
27-11-2025 11:02:12,7766,code,0.2,7.44,0.0,505.354617357254,46866432,774144
27-11-2025 11:02:12,7817,code,0.0,7.44,0.0,503.71524953842163,897024,0
27-11-2025 11:02:12,7950,code,1.1,7.44,0.0,501.9258143901825,1130496,0
27-11-2025 11:02:12,8685,code,0.2,7.44,0.0,497.9564929008484,29069312,217088
27-11-2025 11:02:12,9716,chrome,0.0,7.44,0.0,272.29725313186646,114688,0
27-11-2025 11:02:12,9728,chrome,0.0,7.44,0.0,269.25784730911255,835584,0
27-11-2025 11:02:12,10355,code,0.0,7.44,0.0,73.46872401237488,671744,0
27-11-2025 11:02:12,10423,python,2.1,7.44,0.0,57.87945079803467,827392,114688
27-11-2025 11:02:12,10542,chrome,11.1,7.44,0.0,38.83015751838684,122880,0
27-11-2025 11:02:19,14,rcu_sched,0.2,7.44,0.0,2426.976737976074,0,0
27-11-2025 11:02:19,28,ksoftirqd/2,0.2,7.44,0.0,2426.9868047237396,0,0
27-11-2025 11:02:19,33,migration/3,0.2,7.44,0.0,2426.9821496009827,0,0
27-11-2025 11:02:19,39,migration/4,0.2,7.44,0.0,2426.9870944023132,0,0
27-11-2025 11:02:19,799,irq/140-rtw88_p,1.0,7.44,0.0,2421.397719144821,0,0
27-11-2025 11:02:19,1142,avahi-daemon,0.5,7.44,0.0,2420.239984512329,0,0
27-11-2025 11:02:19,1150,NetworkManager,0.2,7.44,0.0,2420.2418596744537,0,0
27-11-2025 11:02:19,1189,thermald,0.3,7.44,0.0,2420.2232015132904,0,0
27-11-2025 11:02:19,1327,containerd,0.2,7.44,0.0,2420.1247293949127,0,0
27-11-2025 11:02:19,2507,mysqld,1.1,7.44,0.0,2412.9967687129974,0,0
27-11-2025 11:02:19,3321,dbus-daemon,0.3,7.44,0.0,2406.328486442566,0,0
27-11-2025 11:02:19,3328,Xorg,7.5,7.44,0.0,2406.0895688533783,5705728,110592
27-11-2025 11:02:19,3460,gnome-shell,3.4,7.44,0.0,2405.3606486320496,35077120,622592
27-11-2025 11:02:19,4131,chrome,2.3,7.44,0.0,2365.304986000061,293433344,121720832
27-11-2025 11:02:19,4174,xdg-desktop-portal,0.2,7.44,0.0,2364.867511510849,966656,0
27-11-2025 11:02:19,4179,chrome,5.0,7.44,0.0,2364.8583397865295,33816576,32768
27-11-2025 11:02:19,4193,chrome,0.0,7.44,0.0,2364.8291034698486,6983680,733184
27-11-2025 11:02:19,4194,xdg-desktop-portal-gtk,0.2,7.44,0.0,2364.8197872638702,679936,0
27-11-2025 11:02:19,4459,chrome,0.0,7.44,0.0,2347.9105772972107,4657152,0
27-11-2025 11:02:19,4492,chrome,0.0,7.44,0.0,2325.9016156196594,53248,0
27-11-2025 11:02:19,4539,chrome,0.0,7.44,0.0,2313.572654724121,4292608,0
27-11-2025 11:02:19,4547,chrome,0.0,7.44,0.0,2313.493422269821,630784,0
27-11-2025 11:02:19,4558,chrome,0.0,7.44,0.0,2313.354075908661,47771648,0
27-11-2025 11:02:19,4866,chrome,0.2,7.44,0.0,1295.604979276657,6475776,0
27-11-2025 11:02:19,5098,idea,5.5,7.44,0.0,1133.716159105301,2246870016,46546944
27-11-2025 11:02:19,6185,java,0.8,7.44,0.0,1020.2170097827911,0,2220032
27-11-2025 11:02:19,6842,kworker/0:2-events,0.2,7.44,0.0,861.7179839611053,0,0
27-11-2025 11:02:19,6995,chrome,0.0,7.44,0.0,829.0586173534393,139264,0
27-11-2025 11:02:19,7008,kworker/u16:0-i915,0.3,7.44,0.0,824.0292844772339,0,0
27-11-2025 11:02:19,7009,kworker/u17:1-i915_flip,0.2,7.44,0.0,823.8300986289978,0,0
27-11-2025 11:02:19,7298,chrome,0.0,7.44,0.0,634.0510530471802,503808,0
27-11-2025 11:02:19,7364,kworker/5:2-events,0.2,7.44,0.0,566.8519380092621,0,0
27-11-2025 11:02:19,7657,code,0.0,7.44,0.0,512.8625118732452,92975104,8499200
27-11-2025 11:02:19,7700,code,13.2,7.44,0.0,512.4535171985626,15847424,8192
27-11-2025 11:02:19,7726,code,8.6,7.44,0.0,512.2443215847015,39522304,126976
27-11-2025 11:02:19,7741,code,0.0,7.44,0.0,511.6049852371216,39145472,112488448
27-11-2025 11:02:19,7742,code,0.3,7.44,0.0,511.6063458919525,8355840,0
27-11-2025 11:02:19,7766,code,0.3,7.44,0.0,511.4972789287567,46866432,774144
27-11-2025 11:02:19,7817,code,0.0,7.44,0.0,509.85826349258423,897024,0
27-11-2025 11:02:19,7950,code,1.3,7.44,0.0,508.0695445537567,1130496,0
27-11-2025 11:02:19,8685,code,0.0,7.44,0.0,504.100332736969,29069312,217088
27-11-2025 11:02:19,9716,chrome,0.0,7.44,0.0,278.4410924911499,114688,0
27-11-2025 11:02:19,9728,chrome,0.2,7.44,0.0,275.40167212486267,835584,0
27-11-2025 11:02:19,10355,code,0.0,7.44,0.0,79.6124050617218,671744,0
27-11-2025 11:02:19,10423,python,2.0,7.44,0.0,64.02297973632812,827392,126976
27-11-2025 11:02:19,10542,chrome,8.6,7.44,0.0,44.973525285720825,122880,0
27-11-2025 11:02:25,14,rcu_sched,0.2,7.44,0.0,2433.1324634552,0,0
27-11-2025 11:02:25,21,migration/1,0.2,7.44,0.0,2433.138534784317,0,0
27-11-2025 11:02:25,23,kworker/1:0-events,0.5,7.44,0.0,2433.1428916454315,0,0
27-11-2025 11:02:25,51,migration/6,0.2,7.44,0.0,2433.146190881729,0,0
27-11-2025 11:02:25,57,migration/7,0.2,7.44,0.0,2433.1415033340454,0,0
27-11-2025 11:02:25,58,ksoftirqd/7,0.2,7.44,0.0,2433.144999265671,0,0
27-11-2025 11:02:25,67,kcompactd0,2.4,7.44,0.0,2433.1501100063324,0,0
27-11-2025 11:02:25,250,irq/135-VEN_04F,0.8,7.44,0.0,2431.3171718120575,0,0
27-11-2025 11:02:25,253,kworker/7:1H-events_highpri,0.2,7.44,0.0,2431.0492231845856,0,0
27-11-2025 11:02:25,628,kworker/u16:8-writeback,0.3,7.44,0.0,2428.041564464569,0,0
27-11-2025 11:02:25,799,irq/140-rtw88_p,0.6,7.44,0.0,2427.563090801239,0,0
27-11-2025 11:02:25,1142,avahi-daemon,0.2,7.44,0.0,2426.407014608383,0,0
27-11-2025 11:02:25,1157,irqbalance,0.2,7.44,0.0,2426.4000527858734,0,0
27-11-2025 11:02:25,1189,thermald,0.3,7.44,0.0,2426.3944911956787,0,0
27-11-2025 11:02:25,1327,containerd,0.2,7.44,0.0,2426.297221660614,0,0
27-11-2025 11:02:25,2507,mysqld,1.3,7.44,0.0,2419.169910669327,0,0
27-11-2025 11:02:25,3328,Xorg,13.0,7.44,0.0,2412.2637190818787,5705728,110592
27-11-2025 11:02:25,3460,gnome-shell,13.0,7.44,0.0,2411.536322593689,35077120,622592
27-11-2025 11:02:25,4131,chrome,20.6,7.44,0.0,2371.481686115265,293629952,122576896
27-11-2025 11:02:25,4174,xdg-desktop-portal,0.2,7.44,0.0,2371.0432574748993,966656,0
27-11-2025 11:02:25,4179,chrome,22.7,7.44,0.0,2371.0344755649567,33816576,32768
27-11-2025 11:02:25,4193,chrome,0.5,7.44,0.0,2371.005272626877,6983680,733184
27-11-2025 11:02:25,4459,chrome,0.0,7.44,0.0,2354.0864124298096,4657152,0
27-11-2025 11:02:25,4492,chrome,0.0,7.44,0.0,2332.0773298740387,53248,0
27-11-2025 11:02:25,4539,chrome,0.0,7.44,0.0,2319.7478816509247,4292608,0
27-11-2025 11:02:25,4547,chrome,0.0,7.44,0.0,2319.6684279441833,630784,0
27-11-2025 11:02:25,4558,chrome,0.0,7.44,0.0,2319.5289669036865,47771648,0
27-11-2025 11:02:25,4866,chrome,0.0,7.44,0.0,1301.7797305583954,6475776,0
27-11-2025 11:02:25,4951,kworker/u16:1-events_unbound,0.3,7.44,0.0,1145.0903975963593,0,0
27-11-2025 11:02:25,5098,idea,5.8,7.44,0.0,1139.8910429477692,2246870016,46559232
27-11-2025 11:02:25,6185,java,0.8,7.44,0.0,1026.3916628360748,0,2232320
27-11-2025 11:02:25,6842,kworker/0:2-events,0.2,7.44,0.0,867.8924169540405,0,0
27-11-2025 11:02:25,6995,chrome,0.0,7.44,0.0,835.2330458164215,139264,0
27-11-2025 11:02:25,7009,kworker/u17:1-i915_flip,0.5,7.44,0.0,830.0038688182831,0,0
27-11-2025 11:02:25,7298,chrome,0.0,7.44,0.0,640.2247519493103,503808,0
27-11-2025 11:02:25,7657,code,0.3,7.44,0.0,519.0356435775757,92975104,8499200
27-11-2025 11:02:25,7700,code,13.6,7.44,0.0,518.6265058517456,15847424,8192
27-11-2025 11:02:25,7726,code,9.9,7.44,0.0,518.4171323776245,39522304,126976
27-11-2025 11:02:25,7741,code,0.0,7.44,0.0,517.7776951789856,39145472,112488448
27-11-2025 11:02:25,7742,code,0.5,7.44,0.0,517.7782437801361,8355840,0
27-11-2025 11:02:25,7766,code,0.2,7.44,0.0,517.66876912117,46866432,774144
27-11-2025 11:02:25,7817,code,0.0,7.44,0.0,516.0293896198273,897024,0
27-11-2025 11:02:25,7950,code,0.6,7.44,0.0,514.2399320602417,1130496,0
27-11-2025 11:02:25,8685,code,0.2,7.44,0.0,510.2705674171448,29069312,217088
27-11-2025 11:02:25,9716,chrome,0.0,7.44,0.0,284.61123037338257,114688,0
27-11-2025 11:02:25,9728,chrome,0.0,7.44,0.0,281.5718138217926,835584,0
27-11-2025 11:02:25,10355,code,0.0,7.44,0.0,85.78250503540039,671744,0
27-11-2025 11:02:25,10423,python,2.4,7.44,0.0,70.19298791885376,827392,139264
27-11-2025 11:02:25,10542,chrome,16.0,7.44,0.0,51.14351439476013,327680,0
27-11-2025 11:02:31,14,rcu_sched,0.3,7.44,0.0,2439.301460504532,0,0
27-11-2025 11:02:31,21,migration/1,0.2,7.44,0.0,2439.3103239536285,0,0
27-11-2025 11:02:31,23,kworker/1:0-events,0.3,7.44,0.0,2439.3152396678925,0,0
27-11-2025 11:02:31,33,migration/3,0.2,7.44,0.0,2439.313220024109,0,0
27-11-2025 11:02:31,45,migration/5,0.2,7.44,0.0,2439.3221678733826,0,0
27-11-2025 11:02:31,52,ksoftirqd/6,0.2,7.44,0.0,2439.3330097198486,0,0
27-11-2025 11:02:31,57,migration/7,0.2,7.44,0.0,2439.3295686244965,0,0
27-11-2025 11:02:31,628,kworker/u16:8-phy0,0.6,7.44,0.0,2434.222451686859,0,0
27-11-2025 11:02:31,799,irq/140-rtw88_p,5.0,7.44,0.0,2433.7452120780945,0,0
27-11-2025 11:02:31,1139,acpid,0.2,7.44,0.0,2432.588667154312,0,0
27-11-2025 11:02:31,1142,avahi-daemon,0.3,7.44,0.0,2432.592099428177,0,0
27-11-2025 11:02:31,1189,thermald,0.3,7.44,0.0,2432.5752923488617,0,0
27-11-2025 11:02:31,1197,kworker/4:3-events,0.2,7.44,0.0,2432.5683550834656,0,0
27-11-2025 11:02:31,1327,containerd,0.2,7.44,0.0,2432.480066537857,0,0
27-11-2025 11:02:31,2507,mysqld,1.1,7.44,0.0,2425.35240983963,0,0
27-11-2025 11:02:31,3328,Xorg,9.9,7.44,0.0,2418.4447638988495,5705728,110592
27-11-2025 11:02:31,3460,gnome-shell,9.2,7.44,0.0,2417.7160398960114,35077120,622592
27-11-2025 11:02:31,3520,at-spi2-registryd,0.2,7.44,0.0,2417.1474335193634,0,0
27-11-2025 11:02:31,3654,gsd-sharing,0.2,7.44,0.0,2416.740688562393,442368,0
27-11-2025 11:02:31,3710,evolution-alarm-notify,0.2,7.44,0.0,2416.7036373615265,1241088,0
27-11-2025 11:02:31,4131,chrome,14.4,7.44,0.0,2377.6662533283234,293629952,123383808
27-11-2025 11:02:31,4174,xdg-desktop-portal,0.3,7.44,0.0,2377.2284774780273,966656,0
27-11-2025 11:02:31,4179,chrome,13.9,7.44,0.0,2377.219139814377,33816576,32768
27-11-2025 11:02:31,4193,chrome,6.0,7.44,0.0,2377.1903088092804,6983680,733184
27-11-2025 11:02:31,4194,xdg-desktop-portal-gtk,0.2,7.44,0.0,2377.1813793182373,679936,0
27-11-2025 11:02:31,4459,chrome,0.0,7.44,0.0,2360.272323846817,4657152,0
27-11-2025 11:02:31,4492,chrome,0.0,7.44,0.0,2338.2631282806396,53248,0
27-11-2025 11:02:31,4539,chrome,0.0,7.44,0.0,2325.9339187145233,4292608,0
27-11-2025 11:02:31,4547,chrome,0.0,7.44,0.0,2325.8546619415283,630784,0
27-11-2025 11:02:31,4558,chrome,0.0,7.44,0.0,2325.715219974518,47771648,0
27-11-2025 11:02:31,4800,kworker/2:0-events,0.2,7.44,0.0,1537.6159014701843,0,0
27-11-2025 11:02:31,4866,chrome,0.0,7.44,0.0,1307.9664599895477,6475776,0
27-11-2025 11:02:31,5098,idea,7.1,7.44,0.0,1146.077301979065,2246870016,46690304
27-11-2025 11:02:31,6185,java,0.8,7.44,0.0,1032.578054189682,0,2244608
27-11-2025 11:02:31,6995,chrome,0.0,7.44,0.0,841.4189071655273,139264,0
27-11-2025 11:02:31,7008,kworker/u16:0-i915,0.2,7.44,0.0,836.3895344734192,0,0
27-11-2025 11:02:31,7009,kworker/u17:1-rtw_tx_wq,0.5,7.44,0.0,836.1900975704193,0,0
27-11-2025 11:02:31,7298,chrome,0.0,7.44,0.0,646.4106571674347,503808,0
27-11-2025 11:02:31,7364,kworker/5:2-events,0.2,7.44,0.0,579.211489200592,0,0
27-11-2025 11:02:31,7657,code,0.2,7.44,0.0,525.2220849990845,92975104,8499200
27-11-2025 11:02:31,7700,code,14.1,7.44,0.0,524.8129498958588,15847424,8192
27-11-2025 11:02:31,7726,code,10.2,7.44,0.0,524.6036055088043,39522304,126976
27-11-2025 11:02:31,7741,code,0.0,7.44,0.0,523.964161157608,39145472,112488448
27-11-2025 11:02:31,7742,code,0.2,7.44,0.0,523.9647238254547,8355840,0
27-11-2025 11:02:31,7766,code,0.2,7.44,0.0,523.8552613258362,46866432,774144
27-11-2025 11:02:31,7817,code,0.0,7.44,0.0,522.2158839702606,897024,0
27-11-2025 11:02:31,7950,code,1.1,7.44,0.0,520.4263830184937,1130496,0
27-11-2025 11:02:31,8685,code,0.2,7.44,0.0,516.4570245742798,29069312,217088
27-11-2025 11:02:31,9716,chrome,0.0,7.44,0.0,290.7976849079132,114688,0
27-11-2025 11:02:31,9728,chrome,0.0,7.44,0.0,287.7581787109375,835584,0
27-11-2025 11:02:31,10323,kworker/u17:3-rtw_tx_wq,0.3,7.44,0.0,102.07882571220398,0,0
27-11-2025 11:02:31,10355,code,0.0,7.44,0.0,91.96938705444336,671744,0
27-11-2025 11:02:31,10423,python,2.6,7.44,0.0,76.37998580932617,827392,151552
27-11-2025 11:02:31,10542,chrome,11.5,7.44,0.0,57.33116030693054,327680,0
27-11-2025 11:02:37,14,rcu_sched,0.2,7.44,0.0,2445.506442785263,0,0
27-11-2025 11:02:37,21,migration/1,0.2,7.44,0.0,2445.5126490592957,0,0
27-11-2025 11:02:37,23,kworker/1:0-mm_percpu_wq,0.5,7.44,0.0,2445.5161786079407,0,0
27-11-2025 11:02:37,33,migration/3,0.2,7.44,0.0,2445.5094079971313,0,0
27-11-2025 11:02:37,51,migration/6,0.2,7.44,0.0,2445.5179591178894,0,0
27-11-2025 11:02:37,236,kworker/5:1H-events_highpri,0.2,7.44,0.0,2443.708021879196,0,0
27-11-2025 11:02:37,605,kworker/6:2-mm_percpu_wq,0.2,7.44,0.0,2440.544022321701,0,0
27-11-2025 11:02:37,628,kworker/u16:8-events_unbound,0.3,7.44,0.0,2440.4062383174896,0,0
27-11-2025 11:02:37,799,irq/140-rtw88_p,8.2,7.44,0.0,2439.9273750782013,0,0
27-11-2025 11:02:37,1038,systemd-resolved,0.2,7.44,0.0,2439.0681796073914,0,0
27-11-2025 11:02:37,1142,avahi-daemon,0.2,7.44,0.0,2438.769005060196,0,0
27-11-2025 11:02:37,1292,kworker/3:4-mm_percpu_wq,0.2,7.44,0.0,2438.671651363373,0,0
27-11-2025 11:02:37,1327,containerd,0.2,7.44,0.0,2438.653190135956,0,0
27-11-2025 11:02:37,2507,mysqld,1.0,7.44,0.0,2431.5251483917236,0,0
27-11-2025 11:02:37,3328,Xorg,10.4,7.44,0.0,2424.6168224811554,5705728,110592
27-11-2025 11:02:37,3460,gnome-shell,13.1,7.44,0.0,2423.8883080482483,35077120,622592
27-11-2025 11:02:37,4131,chrome,23.2,7.44,0.0,2383.8368299007416,293629952,123736064
27-11-2025 11:02:37,4179,chrome,17.8,7.44,0.0,2383.39000415802,33816576,32768
27-11-2025 11:02:37,4193,chrome,18.8,7.44,0.0,2383.3615176677704,6983680,733184
27-11-2025 11:02:37,4459,chrome,0.0,7.44,0.0,2366.442398548126,4657152,0
27-11-2025 11:02:37,4492,chrome,0.0,7.44,0.0,2344.4333629608154,53248,0
27-11-2025 11:02:37,4539,chrome,0.0,7.44,0.0,2332.1040513515472,4292608,0
27-11-2025 11:02:37,4547,chrome,0.0,7.44,0.0,2332.0248532295227,630784,0
27-11-2025 11:02:37,4558,chrome,0.0,7.44,0.0,2331.8856933116913,47771648,0
27-11-2025 11:02:37,4866,chrome,0.0,7.44,0.0,1314.136634349823,6475776,0
27-11-2025 11:02:37,5098,idea,7.3,7.44,0.0,1152.24760556221,2246870016,46858240
27-11-2025 11:02:37,5211,fsnotifier,0.2,7.44,0.0,1145.3585851192474,598016,0
27-11-2025 11:02:37,6185,java,0.8,7.44,0.0,1038.749380350113,0,2248704
27-11-2025 11:02:37,6995,chrome,0.0,7.44,0.0,847.5907363891602,139264,0
27-11-2025 11:02:37,7008,kworker/u16:0-events_unbound,0.6,7.44,0.0,842.5614666938782,0,0
27-11-2025 11:02:37,7009,kworker/u17:1-i915_flip,0.8,7.44,0.0,842.3621003627777,0,0
27-11-2025 11:02:37,7298,chrome,0.0,7.44,0.0,652.5827376842499,503808,0
27-11-2025 11:02:37,7364,kworker/5:2-events,0.2,7.44,0.0,585.3841018676758,0,0
27-11-2025 11:02:37,7657,code,0.0,7.44,0.0,531.394828081131,92975104,8499200
27-11-2025 11:02:37,7700,code,14.4,7.44,0.0,530.9857199192047,15847424,8192
27-11-2025 11:02:37,7726,code,10.4,7.44,0.0,530.7763693332672,39522304,126976
27-11-2025 11:02:37,7741,code,0.2,7.44,0.0,530.1369516849518,39145472,112488448
27-11-2025 11:02:37,7742,code,0.2,7.44,0.0,530.137508392334,8355840,0
27-11-2025 11:02:37,7766,code,0.2,7.44,0.0,530.0281269550323,46866432,774144
27-11-2025 11:02:37,7817,code,0.0,7.44,0.0,528.3889989852905,897024,0
27-11-2025 11:02:37,7950,code,0.8,7.44,0.0,526.5996520519257,1130496,0
27-11-2025 11:02:37,8685,code,0.0,7.44,0.0,522.6307601928711,29069312,217088
27-11-2025 11:02:37,9716,chrome,0.0,7.44,0.0,296.9723391532898,114688,0
27-11-2025 11:02:37,9728,chrome,0.2,7.44,0.0,293.93386483192444,835584,0
27-11-2025 11:02:37,10323,kworker/u17:3-rtw_tx_wq,0.3,7.44,0.0,108.25514435768127,0,0
27-11-2025 11:02:37,10355,code,0.0,7.44,0.0,98.14731478691101,671744,0
27-11-2025 11:02:37,10423,python,2.4,7.44,0.0,82.55801200866699,827392,163840
27-11-2025 11:02:37,10542,chrome,43.4,7.44,0.0,63.508620738983154,679936,0
27-11-2025 11:02:43,14,rcu_sched,0.2,7.44,0.0,2451.663504600525,0,0
27-11-2025 11:02:43,23,kworker/1:0-events,0.2,7.44,0.0,2451.6711027622223,0,0
27-11-2025 11:02:43,39,migration/4,0.2,7.44,0.0,2451.6688752174377,0,0
27-11-2025 11:02:43,57,migration/7,0.2,7.44,0.0,2451.667218208313,0,0
27-11-2025 11:02:43,143,kworker/6:1H-events_highpri,0.2,7.44,0.0,2450.950126886368,0,0
27-11-2025 11:02:43,250,irq/135-VEN_04F,0.5,7.44,0.0,2449.844618320465,0,0
27-11-2025 11:02:43,628,kworker/u16:8-events_unbound,0.3,7.44,0.0,2446.5682804584503,0,0
27-11-2025 11:02:43,799,irq/140-rtw88_p,1.3,7.44,0.0,2446.0897345542908,0,0
27-11-2025 11:02:43,1142,avahi-daemon,0.6,7.44,0.0,2444.931636571884,0,0
27-11-2025 11:02:43,1189,thermald,0.5,7.44,0.0,2444.9135432243347,0,0
27-11-2025 11:02:43,1327,containerd,0.2,7.44,0.0,2444.8153336048126,0,0
27-11-2025 11:02:43,2507,mysqld,1.3,7.44,0.0,2437.687110900879,0,0
27-11-2025 11:02:43,3321,dbus-daemon,0.2,7.44,0.0,2431.018463373184,0,0
27-11-2025 11:02:43,3328,Xorg,9.1,7.44,0.0,2430.7794868946075,5705728,110592
27-11-2025 11:02:43,3460,gnome-shell,7.3,7.44,0.0,2430.050711631775,35077120,622592
27-11-2025 11:02:43,4131,chrome,7.8,7.44,0.0,2389.9954948425293,293629952,124268544
27-11-2025 11:02:43,4174,xdg-desktop-portal,0.3,7.44,0.0,2389.55738902092,966656,0
27-11-2025 11:02:43,4179,chrome,14.3,7.44,0.0,2389.54834651947,33964032,32768
27-11-2025 11:02:43,4193,chrome,4.9,7.44,0.0,2389.519095659256,6983680,733184
27-11-2025 11:02:43,4194,xdg-desktop-portal-gtk,0.2,7.44,0.0,2389.5098185539246,679936,0
27-11-2025 11:02:43,4459,chrome,0.0,7.44,0.0,2372.6006071567535,4657152,0
27-11-2025 11:02:43,4492,chrome,0.0,7.44,0.0,2350.591388463974,53248,0
27-11-2025 11:02:43,4539,chrome,0.0,7.44,0.0,2338.2620000839233,4292608,0
27-11-2025 11:02:43,4547,chrome,0.0,7.44,0.0,2338.182560443878,630784,0
27-11-2025 11:02:43,4558,chrome,0.0,7.44,0.0,2338.043123960495,47771648,0
27-11-2025 11:02:43,4866,chrome,0.0,7.44,0.0,1320.294031381607,6475776,0
27-11-2025 11:02:43,5098,idea,5.8,7.44,0.0,1158.4052140712738,2246870016,46878720
27-11-2025 11:02:43,6185,java,0.6,7.44,0.0,1044.9065265655518,0,2260992
27-11-2025 11:02:43,6995,chrome,0.0,7.44,0.0,853.7474892139435,139264,0
27-11-2025 11:02:43,7008,kworker/u16:0-events_unbound,0.2,7.44,0.0,848.7182738780975,0,0
27-11-2025 11:02:43,7009,kworker/u17:1-rtw_tx_wq,0.3,7.44,0.0,848.5189702510834,0,0
27-11-2025 11:02:43,7298,chrome,0.8,7.44,0.0,658.7395641803741,503808,0
27-11-2025 11:02:43,7657,code,0.0,7.44,0.0,537.5504603385925,92975104,8499200
27-11-2025 11:02:43,7700,code,12.8,7.44,0.0,537.141345500946,15847424,8192
27-11-2025 11:02:43,7726,code,9.1,7.44,0.0,536.9319839477539,39522304,126976
27-11-2025 11:02:43,7741,code,0.0,7.44,0.0,536.2926158905029,39145472,112488448
27-11-2025 11:02:43,7742,code,0.2,7.44,0.0,536.2932364940643,8355840,0
27-11-2025 11:02:43,7766,code,0.2,7.44,0.0,536.1847965717316,46866432,774144
27-11-2025 11:02:43,7817,code,0.0,7.44,0.0,534.546061038971,897024,0
27-11-2025 11:02:43,7950,code,1.1,7.44,0.0,532.7570497989655,1130496,0
27-11-2025 11:02:43,8685,code,0.0,7.44,0.0,528.7882580757141,29069312,217088
27-11-2025 11:02:43,9716,chrome,0.0,7.44,0.0,303.129390001297,114688,0
27-11-2025 11:02:43,9728,chrome,0.0,7.44,0.0,300.09007716178894,835584,0
27-11-2025 11:02:43,10355,code,0.0,7.44,0.0,104.30088949203491,671744,0
27-11-2025 11:02:43,10423,python,2.0,7.44,0.0,88.71182370185852,827392,176128
27-11-2025 11:02:43,10542,chrome,25.7,7.44,0.0,69.66264390945435,679936,0
27-11-2025 11:02:49,14,rcu_sched,0.2,7.44,0.0,2457.8205835819244,0,0
27-11-2025 11:02:49,21,migration/1,0.2,7.44,0.0,2457.8269906044006,0,0
27-11-2025 11:02:49,23,kworker/1:0-events,0.2,7.44,0.0,2457.8313715457916,0,0
27-11-2025 11:02:49,58,ksoftirqd/7,0.2,7.44,0.0,2457.823710203171,0,0
27-11-2025 11:02:49,250,irq/135-VEN_04F,1.5,7.44,0.0,2455.9996016025543,0,0
27-11-2025 11:02:49,628,kworker/u16:8-i915,0.2,7.44,0.0,2452.7252435684204,0,0
27-11-2025 11:02:49,799,irq/140-rtw88_p,0.8,7.44,0.0,2452.2472562789917,0,0
27-11-2025 11:02:49,1142,avahi-daemon,0.2,7.44,0.0,2451.0896213054657,0,0
27-11-2025 11:02:49,1150,NetworkManager,0.6,7.44,0.0,2451.0909564495087,0,0
27-11-2025 11:02:49,1189,thermald,0.2,7.44,0.0,2451.0735585689545,0,0
27-11-2025 11:02:49,1327,containerd,0.2,7.44,0.0,2450.9758534431458,0,0
27-11-2025 11:02:49,2507,mysqld,1.1,7.44,0.0,2443.8478627204895,0,0
27-11-2025 11:02:49,3328,Xorg,6.2,7.44,0.0,2436.9394788742065,5705728,110592
27-11-2025 11:02:49,3431,dbus-daemon,0.2,7.44,0.0,2436.351231575012,0,0
27-11-2025 11:02:49,3460,gnome-shell,1.0,7.44,0.0,2436.212066411972,35077120,622592
27-11-2025 11:02:49,4131,chrome,3.1,7.44,0.0,2396.156437397003,293629952,124375040
27-11-2025 11:02:49,4174,xdg-desktop-portal,0.2,7.44,0.0,2395.717749118805,966656,0
27-11-2025 11:02:49,4179,chrome,1.6,7.44,0.0,2395.708687067032,33964032,32768
27-11-2025 11:02:49,4193,chrome,0.0,7.44,0.0,2395.6795015335083,6983680,733184
27-11-2025 11:02:49,4459,chrome,0.0,7.44,0.0,2378.760791540146,4657152,0
27-11-2025 11:02:49,4492,chrome,0.0,7.44,0.0,2356.752152442932,53248,0
27-11-2025 11:02:49,4539,chrome,0.0,7.44,0.0,2344.4229679107666,4292608,0
27-11-2025 11:02:49,4547,chrome,0.2,7.44,0.0,2344.3435592651367,630784,0
27-11-2025 11:02:49,4558,chrome,0.0,7.44,0.0,2344.2040972709656,47771648,0
27-11-2025 11:02:49,4866,chrome,0.2,7.44,0.0,1326.4548394680023,6475776,0
27-11-2025 11:02:49,5098,idea,5.8,7.44,0.0,1164.5657680034637,2246870016,46899200
27-11-2025 11:02:49,6185,java,0.8,7.44,0.0,1051.0667300224304,0,2273280
27-11-2025 11:02:49,6842,kworker/0:2-events,0.2,7.44,0.0,892.5677511692047,0,0
27-11-2025 11:02:49,6995,chrome,0.0,7.44,0.0,859.9083368778229,139264,0
27-11-2025 11:02:49,7008,kworker/u16:0-i915,0.2,7.44,0.0,854.8789653778076,0,0
27-11-2025 11:02:49,7298,chrome,0.2,7.44,0.0,664.8998219966888,503808,0
27-11-2025 11:02:49,7657,code,0.3,7.44,0.0,543.7107362747192,92975104,8499200
27-11-2025 11:02:49,7700,code,12.7,7.44,0.0,543.301643371582,15847424,8192
27-11-2025 11:02:49,7726,code,8.6,7.44,0.0,543.0923926830292,39522304,126976
27-11-2025 11:02:49,7741,code,0.0,7.44,0.0,542.4529728889465,39145472,112488448
27-11-2025 11:02:49,7742,code,0.5,7.44,0.0,542.4535343647003,8355840,0
27-11-2025 11:02:49,7766,code,0.2,7.44,0.0,542.3441300392151,46866432,774144
27-11-2025 11:02:49,7817,code,0.0,7.44,0.0,540.7047579288483,897024,0
27-11-2025 11:02:49,7950,code,1.1,7.44,0.0,538.915491104126,1130496,0
27-11-2025 11:02:49,8685,code,0.2,7.44,0.0,534.9464552402496,29069312,217088
27-11-2025 11:02:49,9716,chrome,0.0,7.44,0.0,309.28729462623596,114688,0
27-11-2025 11:02:49,9728,chrome,0.0,7.44,0.0,306.2478528022766,835584,0
27-11-2025 11:02:49,10355,code,0.0,7.44,0.0,110.45858836174011,671744,0
27-11-2025 11:02:49,10423,python,2.3,7.44,0.0,94.86914300918579,827392,188416
27-11-2025 11:02:49,10542,chrome,15.8,7.44,0.0,75.81967568397522,679936,0
27-11-2025 11:02:55,33,migration/3,0.2,7.44,0.0,2463.973171710968,0,0
27-11-2025 11:02:55,45,migration/5,0.2,7.44,0.0,2463.9808826446533,0,0
27-11-2025 11:02:55,57,migration/7,0.2,7.44,0.0,2463.9788706302643,0,0
27-11-2025 11:02:55,250,irq/135-VEN_04F,2.1,7.44,0.0,2462.1578102111816,0,0
27-11-2025 11:02:55,799,irq/140-rtw88_p,0.8,7.44,0.0,2458.4057104587555,0,0
27-11-2025 11:02:55,1142,avahi-daemon,0.5,7.44,0.0,2457.2489442825317,0,0
27-11-2025 11:02:55,1189,thermald,0.3,7.44,0.0,2457.2335860729218,0,0
27-11-2025 11:02:55,1327,containerd,0.2,7.44,0.0,2457.1362929344177,0,0
27-11-2025 11:02:55,2507,mysqld,1.0,7.44,0.0,2450.0090935230255,0,0
27-11-2025 11:02:55,3321,dbus-daemon,0.3,7.44,0.0,2443.341108560562,0,0
27-11-2025 11:02:55,3328,Xorg,7.1,7.44,0.0,2443.1022772789,5705728,110592
27-11-2025 11:02:55,3460,gnome-shell,2.9,7.44,0.0,2442.373524427414,35077120,622592
27-11-2025 11:02:55,3638,gsd-housekeeping,0.2,7.44,0.0,2441.4060559272766,266240,0
27-11-2025 11:02:55,4131,chrome,4.4,7.44,0.0,2402.3193831443787,293629952,124645376
27-11-2025 11:02:55,4174,xdg-desktop-portal,0.2,7.44,0.0,2401.8807334899902,966656,0
27-11-2025 11:02:55,4179,chrome,2.6,7.44,0.0,2401.871708869934,33964032,32768
27-11-2025 11:02:55,4193,chrome,0.0,7.44,0.0,2401.842343568802,6983680,733184
27-11-2025 11:02:55,4194,xdg-desktop-portal-gtk,0.2,7.44,0.0,2401.8328986167908,679936,0
27-11-2025 11:02:55,4209,chrome,0.2,7.44,0.0,2401.7334673404694,811008,16384
27-11-2025 11:02:55,4459,chrome,0.0,7.44,0.0,2384.9240550994873,4657152,0
27-11-2025 11:02:55,4492,chrome,0.0,7.44,0.0,2362.914853334427,53248,0
27-11-2025 11:02:55,4539,chrome,0.0,7.44,0.0,2350.585508823395,4292608,0
27-11-2025 11:02:55,4547,chrome,0.0,7.44,0.0,2350.506241798401,630784,0
27-11-2025 11:02:55,4558,chrome,0.0,7.44,0.0,2350.366750240326,47771648,0
27-11-2025 11:02:55,4866,chrome,0.0,7.44,0.0,1332.6174535751343,6475776,0
27-11-2025 11:02:55,4951,kworker/u16:1-events_unbound,0.2,7.44,0.0,1175.9280848503113,0,0
27-11-2025 11:02:55,5098,idea,4.5,7.44,0.0,1170.7287378311157,2246870016,46919680
27-11-2025 11:02:55,6185,java,0.6,7.44,0.0,1057.2293424606323,0,2281472
27-11-2025 11:02:55,6995,chrome,0.0,7.44,0.0,866.0703115463257,139264,0
27-11-2025 11:02:55,7008,kworker/u16:0-events_unbound,0.2,7.44,0.0,861.041079044342,0,0
27-11-2025 11:02:55,7298,chrome,0.0,7.44,0.0,671.0617685317993,503808,0
27-11-2025 11:02:55,7657,code,0.0,7.44,0.0,549.8727014064789,92975104,8499200
27-11-2025 11:02:55,7700,code,11.7,7.44,0.0,549.4636280536652,15847424,8192
27-11-2025 11:02:55,7726,code,8.1,7.44,0.0,549.2544186115265,39522304,126976
27-11-2025 11:02:55,7741,code,0.0,7.44,0.0,548.6150903701782,39145472,112488448
27-11-2025 11:02:55,7742,code,0.2,7.44,0.0,548.6156415939331,8355840,0
27-11-2025 11:02:55,7766,code,0.2,7.44,0.0,548.5061786174774,46866432,774144
27-11-2025 11:02:55,7817,code,0.0,7.44,0.0,546.8667783737183,897024,0
27-11-2025 11:02:55,7950,code,0.6,7.44,0.0,545.0774719715118,1130496,0
27-11-2025 11:02:55,8685,code,0.0,7.44,0.0,541.1082754135132,29069312,217088
27-11-2025 11:02:55,9716,chrome,0.0,7.44,0.0,315.4490201473236,114688,0
27-11-2025 11:02:55,9728,chrome,0.0,7.44,0.0,312.4095492362976,835584,0
27-11-2025 11:02:55,10355,code,0.0,7.44,0.0,116.62028408050537,671744,0
27-11-2025 11:02:55,10423,python,2.3,7.44,0.0,101.03082251548767,827392,200704
27-11-2025 11:02:55,10542,chrome,11.0,7.44,0.0,81.98147416114807,679936,0
27-11-2025 11:03:02,14,rcu_sched,0.2,7.44,0.0,2470.1447649002075,0,0
27-11-2025 11:03:02,15,migration/0,0.2,7.44,0.0,2470.149393796921,0,0
27-11-2025 11:03:02,23,kworker/1:0-events,0.2,7.44,0.0,2470.1568520069122,0,0
27-11-2025 11:03:02,51,migration/6,0.2,7.44,0.0,2470.1632890701294,0,0
27-11-2025 11:03:02,67,kcompactd0,0.2,7.44,0.0,2470.1637246608734,0,0
27-11-2025 11:03:02,250,irq/135-VEN_04F,2.6,7.44,0.0,2468.3355057239532,0,0
27-11-2025 11:03:02,799,irq/140-rtw88_p,0.8,7.44,0.0,2464.5821816921234,0,0
27-11-2025 11:03:02,1142,avahi-daemon,0.3,7.44,0.0,2463.4240324497223,0,0
27-11-2025 11:03:02,1327,containerd,0.2,7.44,0.0,2463.3073554039,0,0
27-11-2025 11:03:02,2345,rserver,0.2,7.44,0.0,2456.2502546310425,0,0
27-11-2025 11:03:02,2507,mysqld,1.1,7.44,0.0,2456.1818392276764,0,0
27-11-2025 11:03:02,3328,Xorg,7.0,7.44,0.0,2449.273049592972,5705728,110592
27-11-2025 11:03:02,3431,dbus-daemon,0.2,7.44,0.0,2448.6840245723724,0,0
27-11-2025 11:03:02,3460,gnome-shell,1.5,7.44,0.0,2448.5464267730713,35077120,622592
27-11-2025 11:03:02,3520,at-spi2-registryd,0.2,7.44,0.0,2447.9785599708557,0,0
27-11-2025 11:03:02,4131,chrome,2.8,7.44,0.0,2408.4977192878723,293629952,124788736
27-11-2025 11:03:02,4179,chrome,2.4,7.44,0.0,2408.0506970882416,33964032,32768
27-11-2025 11:03:02,4193,chrome,0.0,7.44,0.0,2408.022781610489,6983680,733184
27-11-2025 11:03:02,4459,chrome,0.0,7.44,0.0,2391.1037611961365,4657152,0
27-11-2025 11:03:02,4492,chrome,0.0,7.44,0.0,2369.094582080841,53248,0
27-11-2025 11:03:02,4539,chrome,0.0,7.44,0.0,2356.7651500701904,4292608,0
27-11-2025 11:03:02,4547,chrome,0.0,7.44,0.0,2356.6858394145966,630784,0
27-11-2025 11:03:02,4558,chrome,0.0,7.44,0.0,2356.5463812351227,47771648,0
27-11-2025 11:03:02,4866,chrome,0.0,7.44,0.0,1338.7971246242523,6475776,0
27-11-2025 11:03:02,4951,kworker/u16:1-events_unbound,0.2,7.44,0.0,1182.1077771186829,0,0
27-11-2025 11:03:02,5098,idea,4.7,7.44,0.0,1176.908435344696,2246870016,46936064
27-11-2025 11:03:02,6185,java,0.6,7.44,0.0,1063.4090785980225,0,2293760
27-11-2025 11:03:02,6842,kworker/0:2-events,0.2,7.44,0.0,904.909853219986,0,0
27-11-2025 11:03:02,6995,chrome,0.0,7.44,0.0,872.2504377365112,139264,0
27-11-2025 11:03:02,7298,chrome,0.0,7.44,0.0,677.2412004470825,503808,0
27-11-2025 11:03:02,7657,code,0.2,7.44,0.0,556.052145242691,92975104,8499200
27-11-2025 11:03:02,7700,code,11.7,7.44,0.0,555.6431050300598,15847424,8192
27-11-2025 11:03:02,7726,code,8.3,7.44,0.0,555.4338052272797,39522304,126976
27-11-2025 11:03:02,7741,code,0.0,7.44,0.0,554.7943592071533,39145472,112488448
27-11-2025 11:03:02,7742,code,0.2,7.44,0.0,554.7949106693268,8355840,0
27-11-2025 11:03:02,7766,code,0.2,7.44,0.0,554.6854565143585,46866432,774144
27-11-2025 11:03:02,7817,code,0.0,7.44,0.0,553.0460805892944,897024,0
27-11-2025 11:03:02,7950,code,0.8,7.44,0.0,551.2566304206848,1130496,0
27-11-2025 11:03:02,8685,code,0.0,7.44,0.0,547.2873091697693,29069312,217088
27-11-2025 11:03:02,9716,chrome,0.0,7.44,0.0,321.6280391216278,114688,0
27-11-2025 11:03:02,9728,chrome,0.0,7.44,0.0,318.5886278152466,835584,0
27-11-2025 11:03:02,10355,code,0.2,7.44,0.0,122.79949188232422,671744,0
27-11-2025 11:03:02,10423,python,2.4,7.44,0.0,107.21018958091736,827392,208896
27-11-2025 11:03:02,10542,chrome,5.5,7.44,0.0,88.16074013710022,679936,0
27-11-2025 11:03:08,14,rcu_sched,0.2,7.44,0.0,2476.316401720047,0,0
27-11-2025 11:03:08,23,kworker/1:0-events,0.2,7.44,0.0,2476.324231863022,0,0
27-11-2025 11:03:08,250,irq/135-VEN_04F,1.6,7.44,0.0,2474.4945142269135,0,0
27-11-2025 11:03:08,799,irq/140-rtw88_p,1.5,7.44,0.0,2470.7424051761627,0,0
27-11-2025 11:03:08,1142,avahi-daemon,0.5,7.44,0.0,2469.5865149497986,0,0
27-11-2025 11:03:08,1189,thermald,0.5,7.44,0.0,2469.570683479309,0,0
27-11-2025 11:03:08,1327,containerd,0.2,7.44,0.0,2469.474447250366,0,0
27-11-2025 11:03:08,2507,mysqld,1.0,7.44,0.0,2462.347474336624,0,0
27-11-2025 11:03:08,3328,Xorg,9.1,7.44,0.0,2455.4393315315247,5705728,110592
27-11-2025 11:03:08,3460,gnome-shell,4.9,7.44,0.0,2454.7116935253143,35077120,622592
27-11-2025 11:03:08,4131,chrome,7.1,7.44,0.0,2414.656398296356,293629952,125214720
27-11-2025 11:03:08,4174,xdg-desktop-portal,0.2,7.44,0.0,2414.2192482948303,966656,0
27-11-2025 11:03:08,4179,chrome,7.0,7.44,0.0,2414.2103724479675,33992704,32768
27-11-2025 11:03:08,4193,chrome,2.9,7.44,0.0,2414.1813905239105,6983680,733184
27-11-2025 11:03:08,4194,xdg-desktop-portal-gtk,0.2,7.44,0.0,2414.1721518039703,679936,0
27-11-2025 11:03:08,4459,chrome,0.0,7.44,0.0,2397.262793779373,4657152,0
27-11-2025 11:03:08,4492,chrome,0.0,7.44,0.0,2375.253500699997,53248,0
27-11-2025 11:03:08,4539,chrome,0.2,7.44,0.0,2362.924065351486,4292608,0
27-11-2025 11:03:08,4547,chrome,0.0,7.44,0.0,2362.8447465896606,630784,0
27-11-2025 11:03:08,4558,chrome,0.0,7.44,0.0,2362.705465078354,47771648,0
27-11-2025 11:03:08,4866,chrome,0.0,7.44,0.0,1344.9569823741913,6475776,0
27-11-2025 11:03:08,4951,kworker/u16:1-i915,0.2,7.44,0.0,1188.26784324646,0,0
27-11-2025 11:03:08,5098,idea,5.0,7.44,0.0,1183.068528175354,2246870016,46960640
27-11-2025 11:03:08,6185,java,0.6,7.44,0.0,1069.5691888332367,0,2306048
27-11-2025 11:03:08,6995,chrome,0.0,7.44,0.0,878.4100530147552,139264,0
27-11-2025 11:03:08,7008,kworker/u16:0-events_unbound,0.2,7.44,0.0,873.3806383609772,0,0
27-11-2025 11:03:08,7009,kworker/u17:1-rtw_tx_wq,0.2,7.44,0.0,873.1813633441925,0,0
27-11-2025 11:03:08,7298,chrome,0.0,7.44,0.0,683.4021329879761,503808,0
27-11-2025 11:03:08,7657,code,0.2,7.44,0.0,562.2131593227386,92975104,8499200
27-11-2025 11:03:08,7700,code,12.3,7.44,0.0,561.8042311668396,15847424,8192
27-11-2025 11:03:08,7726,code,8.4,7.44,0.0,561.5954344272614,39522304,126976
27-11-2025 11:03:08,7741,code,0.0,7.44,0.0,560.9560420513153,39145472,112488448
27-11-2025 11:03:08,7742,code,0.2,7.44,0.0,560.9566030502319,8355840,0
27-11-2025 11:03:08,7766,code,0.2,7.44,0.0,560.8471434116364,46866432,774144
27-11-2025 11:03:08,7817,code,0.0,7.44,0.0,559.2078382968903,897024,0
27-11-2025 11:03:08,7950,code,0.8,7.44,0.0,557.4185047149658,1130496,0
27-11-2025 11:03:08,8685,code,6.2,7.44,0.0,553.4493403434753,29069312,217088
27-11-2025 11:03:08,9716,chrome,0.0,7.44,0.0,327.7901074886322,114688,0
27-11-2025 11:03:08,9728,chrome,0.0,7.44,0.0,324.75064969062805,835584,0
27-11-2025 11:03:08,10323,kworker/u17:3-rtw_tx_wq,0.2,7.44,0.0,139.0713176727295,0,0
27-11-2025 11:03:08,10355,code,0.0,7.44,0.0,128.9620382785797,671744,0
27-11-2025 11:03:08,10423,python,2.3,7.44,0.0,113.37288618087769,827392,221184
27-11-2025 11:03:08,10542,chrome,32.1,7.44,0.0,94.32343530654907,679936,0
27-11-2025 11:03:14,14,rcu_sched,0.2,7.44,0.0,2482.4810214042664,0,0
27-11-2025 11:03:14,21,migration/1,0.2,7.44,0.0,2482.4883518218994,0,0
27-11-2025 11:03:14,22,ksoftirqd/1,0.2,7.44,0.0,2482.4924550056458,0,0
27-11-2025 11:03:14,23,kworker/1:0-events,0.2,7.44,0.0,2482.495330810547,0,0
27-11-2025 11:03:14,39,migration/4,0.2,7.44,0.0,2482.4933371543884,0,0
27-11-2025 11:03:14,57,migration/7,0.2,7.44,0.0,2482.493847846985,0,0
27-11-2025 11:03:14,58,ksoftirqd/7,0.2,7.44,0.0,2482.497050046921,0,0
27-11-2025 11:03:14,250,irq/135-VEN_04F,1.9,7.44,0.0,2480.6659636497498,0,0
27-11-2025 11:03:14,799,irq/140-rtw88_p,1.1,7.44,0.0,2476.9105246067047,0,0
27-11-2025 11:03:14,1142,avahi-daemon,0.3,7.44,0.0,2475.7523760795593,0,0
27-11-2025 11:03:14,1147,dbus-daemon,0.3,7.44,0.0,2475.7534856796265,0,0
27-11-2025 11:03:14,1150,NetworkManager,0.3,7.44,0.0,2475.7547850608826,0,0
27-11-2025 11:03:14,1189,thermald,0.2,7.44,0.0,2475.7367086410522,0,0
27-11-2025 11:03:14,1197,kworker/4:3-mm_percpu_wq,0.2,7.44,0.0,2475.7279300689697,0,0
27-11-2025 11:03:14,1327,containerd,0.2,7.44,0.0,2475.639157295227,0,0
27-11-2025 11:03:14,2507,mysqld,1.0,7.44,0.0,2468.5107550621033,0,0
27-11-2025 11:03:14,3321,dbus-daemon,0.2,7.44,0.0,2461.8420243263245,0,0
27-11-2025 11:03:14,3328,Xorg,8.8,7.44,0.0,2461.603447675705,5705728,110592
27-11-2025 11:03:14,3460,gnome-shell,4.1,7.44,0.0,2460.8746292591095,35077120,622592
27-11-2025 11:03:14,3654,gsd-sharing,0.2,7.44,0.0,2459.8981432914734,442368,0
27-11-2025 11:03:14,4131,chrome,4.4,7.44,0.0,2420.819812297821,293629952,125464576
27-11-2025 11:03:14,4174,xdg-desktop-portal,0.2,7.44,0.0,2420.381523370743,966656,0
27-11-2025 11:03:14,4179,chrome,6.5,7.44,0.0,2420.372350692749,33992704,32768
27-11-2025 11:03:14,4193,chrome,0.2,7.44,0.0,2420.3432352542877,6983680,733184
27-11-2025 11:03:14,4459,chrome,0.0,7.44,0.0,2403.424033641815,4657152,0
27-11-2025 11:03:14,4492,chrome,0.0,7.44,0.0,2381.415106534958,53248,0
27-11-2025 11:03:14,4539,chrome,0.0,7.44,0.0,2369.0857729911804,4292608,0
27-11-2025 11:03:14,4547,chrome,0.0,7.44,0.0,2369.0064055919647,630784,0
27-11-2025 11:03:14,4558,chrome,0.0,7.44,0.0,2368.8669486045837,47771648,0
27-11-2025 11:03:14,4800,kworker/2:0-events,0.2,7.44,0.0,1580.767602443695,0,0
27-11-2025 11:03:14,4866,chrome,0.0,7.44,0.0,1351.1181643009186,6475776,0
27-11-2025 11:03:14,4951,kworker/u16:1-events_unbound,0.2,7.44,0.0,1194.429010629654,0,0
27-11-2025 11:03:14,5098,idea,5.0,7.44,0.0,1189.23002243042,2246870016,46985216
27-11-2025 11:03:14,6185,java,1.0,7.44,0.0,1075.7307150363922,0,2322432
27-11-2025 11:03:14,6995,chrome,0.0,7.44,0.0,884.5715835094452,139264,0
27-11-2025 11:03:14,7008,kworker/u16:0-phy0,0.2,7.44,0.0,879.5422143936157,0,0
27-11-2025 11:03:14,7298,chrome,0.0,7.44,0.0,689.5628921985626,503808,0
27-11-2025 11:03:14,7364,kworker/5:2-mm_percpu_wq,0.2,7.44,0.0,622.3640208244324,0,0
27-11-2025 11:03:14,7657,code,0.0,7.44,0.0,568.3750123977661,92975104,8499200
27-11-2025 11:03:14,7700,code,12.2,7.44,0.0,567.9658975601196,15847424,8192
27-11-2025 11:03:14,7726,code,8.4,7.44,0.0,567.7565710544586,39522304,126976
27-11-2025 11:03:14,7741,code,0.0,7.44,0.0,567.1173293590546,39145472,112488448
27-11-2025 11:03:14,7742,code,0.2,7.44,0.0,567.118170261383,8355840,0
27-11-2025 11:03:14,7766,code,0.2,7.44,0.0,567.0087141990662,46866432,774144
27-11-2025 11:03:14,7817,code,0.0,7.44,0.0,565.369357585907,897024,0
27-11-2025 11:03:14,7950,code,1.3,7.44,0.0,563.5798969268799,1130496,0
27-11-2025 11:03:14,8685,code,0.0,7.44,0.0,559.6106495857239,29069312,217088
27-11-2025 11:03:14,9716,chrome,0.0,7.44,0.0,333.9513702392578,114688,0
27-11-2025 11:03:14,9728,chrome,0.0,7.44,0.0,330.9120280742645,835584,0
27-11-2025 11:03:14,10323,kworker/u17:3-rtw_tx_wq,0.2,7.44,0.0,145.23267555236816,0,0
27-11-2025 11:03:14,10355,code,0.0,7.44,0.0,135.12322402000427,671744,0
27-11-2025 11:03:14,10423,python,2.1,7.44,0.0,119.53376889228821,827392,233472
27-11-2025 11:03:14,10542,chrome,18.5,7.44,0.0,100.4842917919159,679936,0
